,COLLEGE,OVERALL,OFFENSE,DEFENSE,SPECIAL,YEAR
0,TEX,94.8,92.0,85.0,71.9,2005
1,USC,94.1,95.8,78.7,40.7,2005
2,OSU,86.9,73.3,83.7,74.7,2005
3,PSU,83.7,74.0,83.4,47.0,2005
4,VT,83.2,75.0,77.2,67.0,2005
5,ND,80.9,83.3,63.9,53.3,2005
6,MIAMI,79.6,62.4,79.5,71.5,2005
7,UGA,78.2,70.9,69.8,71.8,2005
8,ORE,77.8,70.2,75.0,55.1,2005
9,AUB,77.7,78.7,66.4,49.4,2005
10,WVU,77.0,76.2,69.4,46.7,2005
11,LSU,76.9,62.2,76.1,70.4,2005
12,FLA,76.9,64.7,71.2,78.9,2005
13,LOU,76.3,84.0,54.4,55.2,2005
14,IOWA,74.0,72.0,61.5,70.5,2005
15,TTU,73.4,77.8,58.9,47.5,2005
16,WISC,72.0,70.8,57.1,75.7,2005
17,MICH,71.9,56.5,72.7,70.3,2005
18,ALA,71.0,54.4,81.1,45.7,2005
19,BC,69.8,62.1,75.7,31.1,2005
20,UCLA,69.4,78.6,46.0,70.3,2005
21,TCU,69.0,51.7,75.0,61.3,2005
22,CLEM,68.9,72.5,60.1,43.1,2005
23,FRES,68.4,67.3,52.2,77.6,2005
24,ASU,68.1,79.0,48.2,50.1,2005
25,MINN,67.5,80.1,43.5,44.8,2005
26,CAL,66.9,62.9,64.4,52.0,2005
27,OKLA,66.8,51.9,76.4,42.8,2005
28,MSU,66.2,75.8,52.7,34.7,2005
29,FSU,65.9,45.3,72.0,71.3,2005
30,ISU,63.1,48.0,71.4,53.1,2005
31,NW,61.2,74.4,48.7,25.8,2005
32,GT,60.9,50.8,77.9,21.4,2005
33,USF,60.9,42.0,73.5,60.2,2005
34,TLSA,60.6,57.6,57.8,55.9,2005
35,SC,60.4,53.7,64.9,41.3,2005
36,WSU,59.6,68.5,48.7,45.2,2005
37,UVA,59.4,67.1,44.3,61.2,2005
38,PUR,58.1,52.0,57.7,60.0,2005
39,UTAH,57.9,64.0,49.4,46.3,2005
40,ARK,57.8,47.2,61.7,61.0,2005
41,TOL,57.7,60.1,51.5,52.3,2005
42,NCST,57.7,36.1,70.4,60.0,2005
43,BYU,57.0,72.4,35.3,52.1,2005
44,NEB,56.2,38.7,63.4,71.3,2005
45,TENN,56.2,35.1,77.7,36.4,2005
46,COLO,55.7,41.3,60.5,68.7,2005
47,MD,55.6,54.6,52.8,54.7,2005
48,STAN,55.2,47.2,53.1,70.5,2005
49,NIU,55.2,68.8,41.8,45.1,2005
50,MIZ,54.9,60.4,51.3,36.8,2005
51,BSU,54.7,49.4,48.4,77.2,2005
52,RUTG,54.5,51.5,52.4,59.8,2005
53,TA&M,54.2,70.2,36.7,50.0,2005
54,USM,53.6,49.8,46.0,77.3,2005
55,KU,53.5,29.3,73.7,54.8,2005
56,LT,51.9,48.4,54.2,51.6,2005
57,PITT,51.8,38.7,60.9,58.3,2005
58,UNM,51.7,50.9,52.0,49.8,2005
59,ARIZ,51.6,42.7,62.1,43.6,2005
60,KSU,50.9,42.9,60.8,43.9,2005
61,BAY,50.1,33.7,61.2,63.8,2005
62,M-OH,49.6,52.4,45.5,53.5,2005
63,ORST,49.4,36.6,62.6,52.6,2005
64,MEM,49.4,54.6,39.1,65.9,2005
65,VAN,49.3,68.6,39.1,21.8,2005
66,UNC,48.8,40.6,60.6,41.0,2005
67,UAB,47.7,63.9,36.4,38.4,2005
68,WAKE,47.4,40.9,48.2,67.4,2005
69,NAVY,46.6,68.8,27.7,48.1,2005
70,WASH,46.6,47.3,50.7,37.9,2005
71,BGSU,45.8,63.9,35.7,29.7,2005
72,CONN,45.5,32.0,69.7,29.7,2005
73,HOU,45.4,53.1,46.1,31.0,2005
74,UTEP,45.4,47.7,45.8,47.3,2005
75,SDSU,44.0,37.2,55.8,40.1,2005
76,CSU,43.9,53.6,37.7,48.3,2005
77,WYO,42.6,32.6,55.3,49.3,2005
78,UCF,42.2,49.6,32.5,65.9,2005
79,AFA,40.2,63.8,25.1,35.4,2005
80,NEV,40.1,50.9,35.6,40.1,2005
81,CMU,38.6,37.7,44.6,48.2,2005
82,AKR,38.5,31.8,54.2,41.3,2005
83,SMU,38.0,26.9,50.4,58.8,2005
84,WMU,36.7,44.6,30.5,63.3,2005
85,HAW,36.0,68.3,19.7,23.7,2005
86,EMU,35.4,42.0,31.8,59.8,2005
87,ECU,34.9,43.9,36.1,36.2,2005
88,OKST,34.4,26.6,46.6,55.9,2005
89,ARMY,34.4,36.1,39.0,48.3,2005
90,MISS,34.3,17.1,60.4,47.1,2005
91,IU,34.2,38.2,44.7,25.3,2005
92,MTSU,34.1,36.1,40.0,44.0,2005
93,ULL,31.7,54.0,20.7,44.6,2005
94,UK,31.3,30.5,29.5,77.7,2005
95,MSST,28.7,23.2,47.7,31.0,2005
96,OHIO,28.5,24.1,41.8,43.2,2005
97,SYR,28.5,11.5,60.9,40.8,2005
98,MRSH,28.1,27.1,41.8,37.3,2005
99,CIN,28.1,36.5,34.4,28.0,2005
100,ILL,26.7,46.5,21.0,32.6,2005
101,ARST,25.4,32.2,32.3,32.6,2005
102,ULM,24.9,36.9,26.4,33.4,2005
103,BALL,24.2,25.9,26.5,64.5,2005
104,TROY,23.7,12.0,48.5,54.0,2005
105,FIU,23.0,30.3,28.7,36.5,2005
106,SJSU,22.4,25.1,28.3,51.3,2005
107,UNLV,21.8,22.8,29.2,52.6,2005
108,TULN,21.2,24.5,29.3,42.6,2005
109,DUKE,20.2,19.4,33.1,43.3,2005
110,USU,19.2,25.0,26.5,37.1,2005
111,IDHO,18.9,19.0,30.5,44.3,2005
112,FAU,18.3,19.7,32.0,30.4,2005
113,UNT,16.3,16.0,25.2,54.9,2005
114,KENT,15.0,9.6,36.4,41.0,2005
115,RICE,14.1,36.3,10.5,30.4,2005
116,BUFF,10.5,10.7,31.7,18.4,2005
117,NMSU,9.7,17.4,13.0,48.9,2005
118,TEM,7.9,15.1,16.2,21.2,2005
119,OSU,89.6,83.3,82.1,67.9,2006
120,USC,86.4,79.0,79.6,66.4,2006
121,BYU,86.1,90.0,64.5,54.7,2006
122,LSU,85.0,85.0,75.1,43.4,2006
123,FLA,84.6,76.1,78.0,69.7,2006
124,LOU,84.0,83.1,73.7,52.8,2006
125,CAL,81.9,80.9,67.2,69.7,2006
126,MICH,81.0,69.6,80.5,59.0,2006
127,BSU,80.5,77.5,70.0,62.7,2006
128,RUTG,80.1,64.6,82.5,56.9,2006
129,OKLA,78.6,60.0,82.8,62.4,2006
130,WVU,78.6,92.1,43.0,58.6,2006
131,TEX,77.4,72.9,71.5,55.3,2006
132,TCU,77.3,60.0,84.1,55.5,2006
133,WISC,75.4,56.6,79.7,66.9,2006
134,VT,75.4,46.2,87.3,62.6,2006
135,HAW,74.4,93.4,35.3,36.1,2006
136,TENN,73.2,75.6,57.3,65.4,2006
137,ND,72.3,76.9,56.8,50.7,2006
138,ARK,72.2,70.9,68.2,42.9,2006
139,BC,71.3,54.6,77.3,56.7,2006
140,CLEM,70.4,69.1,72.2,27.2,2006
141,AUB,70.2,61.4,66.7,66.1,2006
142,MIZ,69.3,69.2,62.8,47.3,2006
143,NEB,69.3,66.8,62.2,57.7,2006
144,ORST,69.0,62.6,63.4,65.8,2006
145,OKST,68.7,80.4,46.3,53.3,2006
146,SC,68.0,77.0,46.1,62.0,2006
147,PSU,67.2,43.0,80.0,57.7,2006
148,GT,65.1,53.9,70.9,48.1,2006
149,TA&M,64.6,72.7,49.3,48.0,2006
150,WAKE,63.4,52.6,60.2,73.9,2006
151,UGA,63.2,44.8,75.4,49.0,2006
152,UCLA,63.1,47.3,71.8,53.3,2006
153,NAVY,62.1,71.4,46.0,48.6,2006
154,NEV,61.9,52.2,64.3,59.4,2006
155,MINN,61.8,75.4,40.9,58.3,2006
156,PITT,61.4,65.9,49.6,60.8,2006
157,USM,61.3,50.7,66.7,52.8,2006
158,ORE,61.1,70.2,50.4,36.2,2006
159,TTU,60.9,71.8,53.1,27.3,2006
160,ASU,59.8,57.7,57.4,52.7,2006
161,WSU,59.7,62.0,63.8,23.0,2006
162,UTAH,59.6,55.6,52.4,71.4,2006
163,IOWA,59.0,61.1,52.9,52.7,2006
164,FSU,57.9,47.1,66.5,47.9,2006
165,USF,57.7,48.1,64.9,44.7,2006
166,CIN,56.7,41.0,70.5,47.6,2006
167,CMU,56.6,61.4,47.8,56.0,2006
168,ALA,56.1,45.5,64.8,53.1,2006
169,UK,56.0,70.4,34.4,62.8,2006
170,HOU,55.9,72.5,35.5,49.1,2006
171,KU,55.4,47.8,56.7,61.6,2006
172,TLSA,54.9,59.8,47.9,49.2,2006
173,WASH,54.8,47.6,59.8,50.8,2006
174,ARIZ,53.3,29.9,72.5,58.9,2006
175,MD,52.1,56.4,39.1,74.3,2006
176,ECU,51.3,46.1,56.3,49.9,2006
177,MIAMI,51.3,39.1,67.3,39.6,2006
178,VAN,48.8,52.3,54.4,26.4,2006
179,PUR,47.7,60.4,42.1,32.3,2006
180,SJSU,47.3,49.9,47.3,45.2,2006
181,WYO,47.2,36.9,68.1,29.5,2006
182,OHIO,46.7,30.6,50.6,83.4,2006
183,NIU,45.9,48.6,40.7,62.7,2006
184,KSU,45.2,25.5,55.2,78.8,2006
185,WMU,44.2,30.5,65.5,42.4,2006
186,SYR,43.8,34.8,48.1,69.7,2006
187,UVA,43.6,27.4,61.2,52.3,2006
188,SMU,43.4,41.8,41.4,68.1,2006
189,MSU,43.2,41.5,46.2,53.7,2006
190,MISS,42.8,40.0,38.2,79.2,2006
191,NW,41.6,37.1,50.6,46.3,2006
192,BALL,40.4,50.5,29.0,68.3,2006
193,NCST,40.1,33.7,50.7,48.9,2006
194,AFA,39.9,64.1,22.9,40.1,2006
195,CSU,39.5,43.6,41.4,43.6,2006
196,RICE,39.5,55.4,28.7,46.7,2006
197,MTSU,39.2,31.8,46.8,61.9,2006
198,KENT,38.9,30.9,59.3,28.0,2006
199,CONN,38.7,37.3,46.8,43.2,2006
200,MRSH,38.6,55.4,33.0,34.6,2006
201,BAY,38.5,39.7,41.1,50.6,2006
202,UNM,38.2,30.7,50.2,49.4,2006
203,UTEP,37.2,41.1,37.0,53.4,2006
204,TROY,36.4,35.1,38.0,64.3,2006
205,COLO,36.3,34.4,47.0,36.8,2006
206,IU,36.1,36.3,37.0,61.2,2006
207,MSST,35.7,25.1,59.3,34.3,2006
208,ULM,35.2,40.4,37.4,44.4,2006
209,ILL,34.9,38.1,51.9,15.5,2006
210,AKR,34.5,40.4,40.1,31.8,2006
211,TOL,33.6,29.8,46.8,43.5,2006
212,UAB,32.3,37.5,35.9,42.5,2006
213,FRES,32.0,40.6,34.3,36.5,2006
214,ISU,31.5,52.8,20.8,46.7,2006
215,STAN,30.9,26.3,46.6,32.4,2006
216,UCF,29.3,40.1,26.1,49.2,2006
217,M-OH,29.1,33.9,37.1,33.6,2006
218,UNC,28.7,39.7,24.3,57.3,2006
219,TULN,28.5,36.9,37.5,20.2,2006
220,NMSU,27.6,45.4,22.7,28.3,2006
221,ULL,27.3,29.8,30.3,58.3,2006
222,MEM,25.7,45.4,20.0,39.6,2006
223,BGSU,25.6,42.3,25.6,22.1,2006
224,ARST,25.6,25.4,40.5,35.2,2006
225,FAU,25.5,20.3,45.9,37.7,2006
226,SDSU,23.5,19.4,37.2,49.3,2006
227,IDHO,22.8,29.1,31.8,29.4,2006
228,EMU,21.6,20.1,29.1,62.2,2006
229,UNLV,19.5,21.4,28.8,45.8,2006
230,ARMY,19.3,13.6,26.8,81.8,2006
231,DUKE,17.7,24.1,28.1,25.8,2006
232,FIU,17.4,8.9,47.8,24.7,2006
233,UNT,15.9,11.0,27.6,71.1,2006
234,LT,14.9,30.7,15.5,33.3,2006
235,BUFF,12.3,17.4,17.2,50.3,2006
236,USU,9.6,12.7,17.3,46.5,2006
237,TEM,5.2,6.2,12.9,45.8,2006
238,WVU,84.2,78.5,77.6,59.7,2007
239,USC,83.9,71.1,83.5,61.7,2007
240,KU,82.7,74.1,79.2,58.0,2007
241,FLA,82.6,93.1,49.8,63.4,2007
242,OKLA,82.5,77.2,75.3,60.2,2007
243,OSU,82.3,67.2,82.5,66.2,2007
244,MIZ,81.8,82.2,68.2,55.7,2007
245,LSU,80.8,75.0,75.8,55.8,2007
246,ORE,77.7,77.5,68.3,51.3,2007
247,VT,75.0,47.8,81.8,74.1,2007
248,UGA,74.5,71.1,67.7,56.7,2007
249,CIN,72.8,57.1,75.7,62.2,2007
250,CLEM,72.3,69.4,69.1,45.2,2007
251,USF,72.1,51.7,82.8,48.9,2007
252,BYU,72.0,67.8,69.6,46.6,2007
253,ASU,71.3,60.9,73.7,52.7,2007
254,ORST,71.1,46.6,87.4,36.9,2007
255,TEX,71.0,67.3,64.5,58.8,2007
256,PSU,70.1,58.9,72.4,55.3,2007
257,TTU,69.8,77.8,49.5,58.5,2007
258,TENN,68.0,68.0,61.7,49.9,2007
259,AUB,67.9,53.1,73.6,58.3,2007
260,ARK,67.8,66.9,61.5,54.0,2007
261,ILL,67.7,63.9,63.9,53.7,2007
262,BC,67.5,61.8,69.6,41.1,2007
263,CAL,67.4,71.7,60.0,40.8,2007
264,UTAH,66.6,43.4,75.6,69.8,2007
265,MICH,65.5,52.2,73.3,50.2,2007
266,HAW,64.9,71.4,55.8,39.2,2007
267,OKST,64.5,79.9,40.7,47.0,2007
268,BSU,64.4,69.0,41.6,78.7,2007
269,WAKE,63.6,43.8,74.8,56.6,2007
270,WISC,63.4,68.5,48.1,61.0,2007
271,UCLA,62.8,30.7,80.7,62.9,2007
272,CONN,62.6,46.7,68.4,64.4,2007
273,UK,62.5,70.9,49.2,46.0,2007
274,TCU,61.7,45.9,68.9,63.5,2007
275,RUTG,61.5,60.9,61.4,40.1,2007
276,TROY,60.6,49.2,63.9,64.4,2007
277,MSU,60.6,61.9,55.3,50.2,2007
278,ALA,60.1,52.8,60.0,61.1,2007
279,UCF,59.8,52.3,62.6,53.1,2007
280,AFA,59.6,63.6,53.4,44.6,2007
281,KSU,59.2,52.9,54.9,69.4,2007
282,SC,59.2,47.1,64.5,57.6,2007
283,ARIZ,59.1,52.2,59.5,58.6,2007
284,UVA,58.6,53.8,62.1,44.4,2007
285,FSU,58.3,40.3,67.6,62.7,2007
286,LOU,57.3,76.5,35.0,41.6,2007
287,FRES,57.2,65.0,39.3,71.8,2007
288,MD,57.0,55.4,50.0,67.0,2007
289,PUR,56.7,54.0,59.1,43.4,2007
290,TA&M,56.4,58.5,46.9,65.0,2007
291,WASH,55.9,62.6,47.6,49.0,2007
292,COLO,54.3,46.0,60.8,52.4,2007
293,MSST,53.9,32.2,71.5,53.6,2007
294,TLSA,53.7,73.7,35.1,35.6,2007
295,GT,53.2,45.2,51.6,72.1,2007
296,UNM,53.0,35.1,65.9,59.6,2007
297,WSU,52.2,63.1,45.2,34.7,2007
298,ECU,49.3,50.5,50.7,43.6,2007
299,VAN,49.2,41.1,63.5,33.3,2007
300,PITT,49.1,29.7,66.1,58.0,2007
301,IU,48.5,50.8,42.5,64.4,2007
302,UNC,47.7,39.2,52.6,60.6,2007
303,HOU,47.6,54.5,48.2,30.3,2007
304,NEB,47.6,64.4,32.1,53.3,2007
305,STAN,46.6,42.8,50.1,54.3,2007
306,IOWA,46.4,32.9,60.9,47.6,2007
307,BALL,46.1,50.7,40.9,56.1,2007
308,USM,44.3,41.2,47.5,57.1,2007
309,FAU,43.9,48.7,46.8,34.3,2007
310,MISS,43.6,44.2,46.7,45.9,2007
311,NCST,43.2,32.0,54.8,56.7,2007
312,NEV,43.0,64.0,35.3,21.8,2007
313,MIAMI,42.6,32.2,63.8,25.8,2007
314,CMU,42.5,62.8,26.1,51.0,2007
315,NAVY,41.0,80.2,10.8,53.5,2007
316,BGSU,39.4,49.6,33.3,52.1,2007
317,MTSU,39.4,44.0,42.1,40.3,2007
318,CSU,39.3,45.1,41.5,37.7,2007
319,WYO,38.2,25.5,63.3,35.2,2007
320,WMU,37.9,33.4,44.7,59.0,2007
321,NW,37.2,52.6,27.5,46.8,2007
322,ULM,36.1,35.2,40.6,55.7,2007
323,LT,35.0,25.6,51.5,50.8,2007
324,SDSU,34.8,53.4,22.9,58.6,2007
325,ND,34.5,15.4,63.9,44.1,2007
326,UTEP,34.0,46.3,25.2,65.5,2007
327,SJSU,33.9,40.1,38.6,34.4,2007
328,M-OH,33.0,28.6,47.4,39.9,2007
329,OHIO,32.5,35.7,31.9,61.7,2007
330,ISU,31.9,34.1,43.3,30.6,2007
331,UNLV,31.6,29.8,44.6,38.3,2007
332,MRSH,30.6,47.2,25.1,41.0,2007
333,DUKE,30.5,35.1,40.7,25.7,2007
334,MINN,29.2,48.7,19.6,53.0,2007
335,ARST,28.9,32.3,39.2,30.7,2007
336,AKR,28.8,23.6,40.4,53.8,2007
337,BUFF,28.5,33.8,27.4,62.7,2007
338,BAY,28.3,22.5,48.8,30.2,2007
339,MEM,27.6,49.0,19.6,35.9,2007
340,KENT,27.6,29.6,35.7,43.2,2007
341,TULN,27.3,31.6,33.5,40.7,2007
342,SYR,26.3,29.4,30.6,51.8,2007
343,TOL,25.0,43.8,17.1,49.2,2007
344,SMU,24.8,36.7,21.3,56.9,2007
345,EMU,23.8,37.7,21.6,44.2,2007
346,ULL,23.0,41.6,20.6,32.2,2007
347,NMSU,22.7,39.7,26.6,14.3,2007
348,TEM,22.6,17.7,45.5,30.4,2007
349,RICE,22.6,35.6,22.2,40.4,2007
350,USU,21.9,29.7,24.1,49.3,2007
351,UAB,21.7,27.4,21.8,63.1,2007
352,NIU,21.5,20.8,31.2,51.8,2007
353,ARMY,19.8,10.3,41.3,55.2,2007
354,UNT,17.7,26.1,23.3,33.6,2007
355,IDHO,15.8,15.0,23.7,66.3,2007
356,FIU,14.0,12.3,25.9,49.0,2007
357,FLA,95.4,91.4,86.4,78.3,2008
358,OKLA,93.8,95.3,79.2,41.1,2008
359,USC,93.1,89.4,86.6,55.8,2008
360,TEX,90.5,89.0,77.6,60.0,2008
361,PSU,88.5,87.7,73.5,67.1,2008
362,ALA,83.3,70.1,82.7,62.7,2008
363,BSU,81.6,66.4,77.6,79.8,2008
364,TCU,81.1,60.4,90.2,51.4,2008
365,OSU,79.6,65.8,74.4,78.7,2008
366,OKST,79.3,82.7,58.1,70.9,2008
367,TTU,78.7,84.9,57.5,51.6,2008
368,UTAH,78.1,66.4,72.3,76.7,2008
369,MIZ,77.0,80.3,59.2,66.1,2008
370,ORE,76.3,78.9,65.1,47.6,2008
371,MISS,76.1,71.4,69.7,58.7,2008
372,IOWA,74.4,61.5,75.1,60.3,2008
373,CAL,73.6,52.5,80.1,59.1,2008
374,ARIZ,72.5,69.3,64.0,62.5,2008
375,UGA,71.1,79.5,55.6,43.6,2008
376,ORST,70.7,66.0,70.0,46.9,2008
377,BALL,66.7,67.6,55.8,61.6,2008
378,KU,66.6,73.5,51.6,54.1,2008
379,FSU,65.6,57.1,61.3,70.9,2008
380,VT,64.9,47.7,78.4,47.1,2008
381,CIN,64.4,51.0,69.5,55.4,2008
382,BYU,64.2,75.2,42.2,58.9,2008
383,LSU,63.9,55.4,56.7,77.7,2008
384,RUTG,63.5,61.8,61.1,48.6,2008
385,WVU,63.3,62.9,59.0,49.3,2008
386,NEB,63.1,64.5,49.0,68.5,2008
387,TLSA,62.8,80.8,35.5,40.7,2008
388,CLEM,62.6,40.2,73.8,62.8,2008
389,PITT,62.5,49.6,64.7,67.5,2008
390,UNC,62.1,51.8,60.9,67.4,2008
391,MSU,61.5,48.1,67.6,58.8,2008
392,BC,61.2,42.5,78.8,40.7,2008
393,GT,61.2,58.8,63.5,36.5,2008
394,USF,61.0,64.6,53.7,47.6,2008
395,RICE,61.0,81.4,31.4,43.4,2008
396,NW,60.6,50.7,66.2,51.0,2008
397,TROY,60.5,50.2,63.3,61.0,2008
398,MIAMI,60.4,52.2,57.4,69.6,2008
399,CONN,59.3,41.7,77.7,39.3,2008
400,WAKE,57.9,37.0,75.5,49.2,2008
401,STAN,57.4,65.9,43.3,59.8,2008
402,SC,56.3,37.9,71.9,52.2,2008
403,ND,56.3,49.5,59.7,52.8,2008
404,BAY,54.9,70.5,43.2,30.6,2008
405,ILL,54.5,54.2,59.2,33.0,2008
406,ECU,53.7,37.2,68.4,49.5,2008
407,VAN,53.6,34.2,64.7,64.6,2008
408,WISC,53.3,50.9,56.0,46.3,2008
409,NAVY,52.6,66.5,34.7,61.7,2008
410,AFA,52.3,41.0,62.7,50.4,2008
411,ASU,51.9,35.1,66.0,50.6,2008
412,NCST,51.3,58.8,42.7,53.1,2008
413,AUB,51.2,28.5,70.9,60.1,2008
414,TENN,50.9,26.9,75.8,37.7,2008
415,MD,50.4,50.2,44.5,68.4,2008
416,BGSU,49.5,53.0,49.4,39.9,2008
417,HOU,49.4,63.4,40.1,34.6,2008
418,NEV,48.9,63.5,42.3,25.8,2008
419,USM,48.6,59.5,40.3,42.1,2008
420,MINN,46.9,40.5,55.1,47.2,2008
421,UK,46.8,30.0,58.5,67.8,2008
422,UVA,46.8,36.2,56.0,57.2,2008
423,PUR,46.7,45.0,53.5,39.0,2008
424,DUKE,46.5,39.5,56.8,45.7,2008
425,ARK,45.9,56.2,45.3,26.6,2008
426,BUFF,45.8,56.9,36.6,50.2,2008
427,ARST,44.7,39.7,54.4,42.8,2008
428,KSU,44.0,55.3,30.6,73.4,2008
429,TEM,43.6,26.3,55.1,70.5,2008
430,WMU,43.4,46.9,41.4,54.0,2008
431,CMU,43.2,59.9,27.9,54.9,2008
432,FRES,42.9,57.9,31.9,49.2,2008
433,NIU,42.9,37.8,52.8,44.1,2008
434,UCLA,42.2,25.4,62.2,56.4,2008
435,AKR,41.5,52.7,31.9,58.5,2008
436,UNM,41.4,23.4,65.2,49.9,2008
437,MICH,39.7,33.2,53.0,41.4,2008
438,UTEP,39.6,56.2,24.2,63.9,2008
439,LT,39.4,30.0,44.8,73.1,2008
440,COLO,39.4,30.7,60.2,27.7,2008
441,HAW,39.1,38.4,44.6,47.5,2008
442,CSU,39.0,57.2,29.6,37.0,2008
443,UNLV,38.3,60.6,22.8,50.1,2008
444,MRSH,38.1,33.6,46.2,50.4,2008
445,ULL,37.1,56.9,28.5,34.5,2008
446,MEM,37.1,52.3,32.4,28.7,2008
447,LOU,36.8,37.5,42.5,46.5,2008
448,FAU,36.6,44.0,38.5,37.5,2008
449,FIU,36.4,28.3,47.6,53.2,2008
450,UCF,36.1,11.8,66.3,58.6,2008
451,OHIO,36.1,36.3,40.7,50.7,2008
452,SJSU,35.3,12.9,71.4,42.1,2008
453,MSST,34.3,32.1,51.9,25.7,2008
454,UAB,33.6,45.0,24.6,62.1,2008
455,MTSU,32.7,32.4,37.3,56.5,2008
456,ISU,32.5,41.1,31.1,48.8,2008
457,TA&M,32.1,44.4,29.4,45.1,2008
458,SYR,31.3,38.7,30.1,53.6,2008
459,IU,28.5,32.9,32.4,46.6,2008
460,TOL,27.7,32.1,36.2,33.2,2008
461,KENT,26.8,42.1,29.6,19.9,2008
462,ULM,26.6,40.4,19.9,56.9,2008
463,WYO,24.6,17.1,53.6,20.7,2008
464,EMU,23.4,47.1,18.0,20.3,2008
465,USU,22.1,25.3,29.9,42.8,2008
466,SDSU,21.6,26.4,26.3,49.3,2008
467,ARMY,21.3,12.1,50.6,40.3,2008
468,M-OH,20.7,27.7,19.8,61.1,2008
469,SMU,19.9,28.0,19.4,63.6,2008
470,NMSU,19.1,24.6,26.2,38.8,2008
471,WASH,18.9,30.4,22.8,30.6,2008
472,TULN,18.4,26.8,28.3,21.3,2008
473,WKU,17.6,17.2,28.0,49.7,2008
474,WSU,10.8,14.8,20.6,32.0,2008
475,IDHO,8.3,20.9,8.9,44.8,2008
476,UNT,8.3,27.1,8.4,20.2,2008
477,ALA,89.3,77.3,89.9,55.9,2009
478,FLA,89.1,80.1,86.0,60.9,2009
479,TEX,86.2,67.4,89.1,66.9,2009
480,TCU,85.3,70.2,82.6,76.8,2009
481,BSU,82.9,72.7,80.1,63.6,2009
482,VT,80.8,77.0,73.8,56.7,2009
483,OSU,79.1,60.6,83.7,59.2,2009
484,NEB,77.4,41.3,86.3,78.3,2009
485,CIN,77.1,88.2,52.9,53.6,2009
486,PSU,76.8,71.2,79.3,32.9,2009
487,OKLA,76.5,52.2,88.9,50.0,2009
488,GT,75.2,85.1,45.5,58.5,2009
489,ORE,74.7,70.5,70.0,52.6,2009
490,PITT,73.7,75.8,60.2,60.2,2009
491,ARK,73.6,76.4,64.3,46.3,2009
492,LSU,73.6,57.7,70.4,78.0,2009
493,CLEM,70.3,57.4,70.8,63.2,2009
494,MIAMI,70.1,63.9,66.8,58.2,2009
495,WISC,69.9,67.8,64.9,49.6,2009
496,USC,69.8,63.6,68.2,51.5,2009
497,STAN,69.7,83.7,36.7,75.5,2009
498,TTU,69.0,63.5,66.7,52.5,2009
499,BYU,68.6,71.8,58.7,46.8,2009
500,CMU,68.4,71.5,53.3,64.1,2009
501,ARIZ,67.3,64.1,65.1,48.5,2009
502,IOWA,67.2,39.1,79.9,66.6,2009
503,ORST,67.0,73.0,47.6,66.4,2009
504,CONN,66.9,66.8,53.6,69.2,2009
505,MISS,66.2,50.2,77.1,42.4,2009
506,AUB,66.0,65.4,59.7,54.0,2009
507,UGA,66.0,62.0,60.5,61.6,2009
508,AFA,65.4,49.3,77.2,47.5,2009
509,UNC,65.2,39.8,85.0,34.7,2009
510,TENN,64.4,64.3,67.0,28.6,2009
511,UTAH,64.4,45.1,72.5,63.4,2009
512,OKST,63.7,44.9,71.8,63.4,2009
513,BC,61.9,43.1,72.4,55.1,2009
514,WVU,61.6,56.3,64.4,44.5,2009
515,SC,61.2,47.8,73.7,40.0,2009
516,HOU,60.1,78.7,31.5,52.3,2009
517,NAVY,59.6,60.5,52.3,57.5,2009
518,UK,59.0,55.5,54.7,62.9,2009
519,MIZ,58.9,58.2,56.0,51.4,2009
520,CAL,58.8,65.2,55.4,33.7,2009
521,ECU,58.5,49.7,61.3,58.8,2009
522,RUTG,58.3,36.0,72.0,62.0,2009
523,MSU,58.3,64.8,46.6,58.8,2009
524,USF,58.2,52.0,66.4,33.0,2009
525,FSU,57.3,72.1,29.6,74.4,2009
526,ND,56.7,69.4,41.9,42.6,2009
527,TA&M,56.4,69.6,46.3,27.9,2009
528,MSST,56.3,42.1,67.3,52.9,2009
529,UCLA,56.1,32.4,69.8,69.8,2009
530,MTSU,56.1,37.6,69.3,54.6,2009
531,WAKE,55.9,64.9,48.5,34.3,2009
532,TROY,55.8,59.9,45.0,62.4,2009
533,FRES,54.8,67.7,30.6,73.6,2009
534,WASH,54.5,61.2,50.7,35.7,2009
535,KU,53.7,58.7,50.4,39.9,2009
536,PUR,52.8,54.4,56.5,31.6,2009
537,NEV,52.4,73.6,32.1,37.9,2009
538,USM,52.3,60.0,41.8,57.8,2009
539,NW,52.1,52.1,53.6,43.2,2009
540,ISU,51.4,52.2,45.4,64.8,2009
541,TEM,51.3,45.8,55.1,53.4,2009
542,NCST,48.6,71.1,31.4,30.1,2009
543,ASU,48.6,27.7,72.3,45.7,2009
544,MICH,48.5,49.7,45.7,55.7,2009
545,KSU,48.2,46.6,47.7,58.9,2009
546,MINN,47.3,32.4,58.9,59.4,2009
547,LT,47.0,45.2,53.2,40.0,2009
548,NIU,45.7,49.4,36.6,70.3,2009
549,UVA,45.0,27.0,64.0,49.3,2009
550,OHIO,44.7,29.7,56.8,60.2,2009
551,DUKE,44.4,47.0,45.7,45.0,2009
552,SMU,44.1,40.6,45.1,62.5,2009
553,UCF,43.6,34.2,48.7,69.6,2009
554,MRSH,43.4,42.6,43.6,60.0,2009
555,TLSA,43.0,35.3,46.2,69.7,2009
556,BAY,43.0,45.8,47.2,36.2,2009
557,BGSU,41.7,47.2,38.3,51.3,2009
558,UAB,40.1,54.4,35.9,35.9,2009
559,IU,40.0,45.3,39.2,48.0,2009
560,VAN,39.5,32.0,54.0,41.4,2009
561,ILL,39.0,51.4,34.3,40.7,2009
562,BUFF,38.7,43.6,45.2,29.0,2009
563,COLO,37.0,24.5,62.6,34.3,2009
564,WYO,36.8,27.7,51.5,50.1,2009
565,SYR,36.4,36.8,42.0,46.7,2009
566,LOU,34.2,42.1,35.5,39.5,2009
567,MD,33.7,29.8,44.4,46.7,2009
568,USU,33.6,50.2,29.6,33.1,2009
569,ULM,33.1,35.6,42.0,34.0,2009
570,UTEP,33.0,50.4,26.9,36.3,2009
571,IDHO,31.9,64.6,14.4,43.3,2009
572,HAW,31.5,42.6,26.9,54.2,2009
573,CSU,31.4,48.9,30.1,25.4,2009
574,KENT,31.2,20.6,46.6,56.8,2009
575,FAU,30.4,61.8,15.6,29.2,2009
576,ARST,30.1,26.4,36.6,64.7,2009
577,UNLV,30.0,44.0,23.2,55.2,2009
578,WMU,29.5,30.0,35.6,53.5,2009
579,ULL,28.7,33.1,33.3,45.1,2009
580,SDSU,28.2,34.8,33.3,37.2,2009
581,TOL,27.0,49.2,22.4,26.2,2009
582,MEM,26.4,32.7,33.9,31.5,2009
583,ARMY,24.7,14.7,53.6,34.6,2009
584,AKR,21.6,18.7,35.1,45.3,2009
585,FIU,21.5,22.1,26.2,63.9,2009
586,UNT,20.8,39.5,19.7,26.8,2009
587,BALL,20.8,14.6,34.2,60.5,2009
588,UNM,18.7,25.4,26.9,31.2,2009
589,M-OH,16.2,24.1,28.8,16.1,2009
590,TULN,15.6,29.2,17.7,31.5,2009
591,SJSU,15.5,15.7,27.5,44.7,2009
592,WKU,13.9,27.5,13.0,47.5,2009
593,RICE,13.3,18.1,19.9,43.9,2009
594,NMSU,11.0,6.5,30.3,51.4,2009
595,WSU,9.3,12.5,21.0,27.2,2009
596,EMU,7.9,15.9,10.7,45.6,2009
597,BSU,92.6,87.8,86.9,57.1,2010
598,STAN,91.4,91.9,76.4,54.4,2010
599,ALA,89.8,87.7,79.1,60.7,2010
600,OSU,88.9,80.0,87.0,54.8,2010
601,TCU,88.1,79.7,83.9,63.1,2010
602,ORE,87.2,81.2,83.2,48.2,2010
603,AUB,84.0,92.4,57.2,50.3,2010
604,ARK,80.6,80.7,69.9,51.3,2010
605,WISC,80.4,84.0,63.0,56.0,2010
606,VT,80.0,77.5,66.0,72.8,2010
607,OKLA,79.9,71.5,77.3,57.4,2010
608,SC,78.4,75.0,74.7,40.5,2010
609,MIZ,77.1,63.6,76.8,64.4,2010
610,LSU,77.1,60.4,75.9,76.0,2010
611,OKST,76.7,74.0,67.2,62.2,2010
612,NEB,75.6,60.4,77.9,61.1,2010
613,FSU,75.5,72.6,64.8,67.6,2010
614,NEV,74.2,84.3,48.7,48.3,2010
615,IOWA,72.9,66.2,69.6,55.7,2010
616,NCST,72.4,58.3,74.3,65.4,2010
617,UGA,71.4,67.8,61.9,67.9,2010
618,USC,70.1,69.3,57.2,68.8,2010
619,WVU,69.1,49.0,84.1,38.1,2010
620,MSST,69.1,57.4,66.3,73.0,2010
621,UTAH,68.2,57.8,67.3,64.6,2010
622,FLA,68.2,52.0,76.2,50.5,2010
623,ASU,67.2,60.1,67.8,51.0,2010
624,PITT,66.2,63.9,61.5,53.2,2010
625,TA&M,66.0,50.5,76.8,40.9,2010
626,ILL,65.8,58.9,69.5,44.7,2010
627,ARIZ,65.8,68.9,61.4,32.8,2010
628,ND,65.7,49.4,71.2,61.6,2010
629,HAW,65.3,67.7,62.9,32.3,2010
630,NIU,65.2,72.1,51.1,51.6,2010
631,MIAMI,65.1,50.9,74.0,48.2,2010
632,MD,64.5,53.2,66.8,57.1,2010
633,MSU,64.1,67.3,55.2,52.7,2010
634,UCF,64.0,57.8,61.4,61.5,2010
635,CLEM,63.6,50.2,68.1,59.3,2010
636,SDSU,63.5,69.4,54.0,47.3,2010
637,ORST,63.3,64.3,52.0,69.9,2010
638,AFA,63.1,66.6,53.5,50.7,2010
639,CAL,61.1,42.0,75.0,46.3,2010
640,TENN,57.9,54.7,58.4,48.6,2010
641,TLSA,57.8,62.9,44.6,63.8,2010
642,BYU,56.6,43.1,66.2,56.9,2010
643,USF,56.5,42.7,64.3,57.8,2010
644,TTU,56.4,62.5,49.8,42.2,2010
645,LOU,55.9,51.3,53.5,63.6,2010
646,NAVY,55.2,70.0,43.6,29.9,2010
647,UNC,55.1,55.3,60.9,28.5,2010
648,CONN,54.9,40.4,63.1,59.9,2010
649,PSU,54.3,46.4,54.9,66.7,2010
650,BC,54.1,27.5,76.9,47.6,2010
651,WASH,54.0,55.6,50.6,50.9,2010
652,BAY,53.9,70.1,42.9,30.4,2010
653,UK,52.2,61.2,39.5,55.4,2010
654,USM,51.7,51.3,45.4,64.9,2010
655,SYR,51.1,40.3,59.5,54.4,2010
656,MICH,50.0,77.5,30.0,23.8,2010
657,KSU,49.9,58.9,35.7,65.2,2010
658,GT,48.8,51.5,45.4,53.3,2010
659,COLO,48.2,51.5,49.0,39.8,2010
660,ISU,47.2,43.7,50.4,54.1,2010
661,UCLA,47.1,35.2,54.6,65.2,2010
662,FRES,46.8,43.2,47.4,61.2,2010
663,TEX,46.7,28.5,69.6,47.6,2010
664,NW,46.6,51.4,40.2,58.7,2010
665,SMU,46.2,48.8,51.1,31.1,2010
666,TOL,46.2,37.9,60.9,35.4,2010
667,TEM,45.5,38.6,50.0,59.8,2010
668,FIU,44.6,46.1,45.5,48.6,2010
669,CIN,44.4,56.4,34.5,50.3,2010
670,OHIO,44.2,37.7,46.3,68.7,2010
671,ARMY,43.7,43.0,41.9,65.0,2010
672,MISS,43.5,49.7,42.7,41.7,2010
673,HOU,42.9,56.5,31.8,50.8,2010
674,TROY,42.8,44.5,41.5,56.5,2010
675,WMU,42.2,37.7,43.8,68.7,2010
676,UVA,39.6,51.4,33.3,44.3,2010
677,M-OH,39.0,30.3,54.2,47.8,2010
678,ECU,38.8,57.7,19.6,70.6,2010
679,LT,37.5,34.7,35.8,76.0,2010
680,PUR,36.8,23.5,52.2,60.2,2010
681,IU,36.3,55.3,26.9,33.2,2010
682,DUKE,35.9,42.4,30.0,65.1,2010
683,IDHO,35.7,37.5,42.0,41.6,2010
684,ARST,35.3,43.9,35.7,39.2,2010
685,RUTG,33.9,24.1,47.3,59.2,2010
686,WAKE,33.2,37.3,38.1,40.6,2010
687,WSU,33.2,39.7,31.7,55.2,2010
688,UAB,32.1,46.7,34.7,20.2,2010
689,KENT,31.2,20.3,54.6,35.3,2010
690,UTEP,31.0,39.5,25.3,68.6,2010
691,MINN,30.8,52.5,22.2,31.3,2010
692,CMU,30.4,33.1,37.0,43.1,2010
693,MRSH,29.2,24.6,44.4,39.1,2010
694,WYO,29.0,32.4,32.0,53.6,2010
695,VAN,28.7,19.5,46.1,49.3,2010
696,MTSU,27.7,19.9,40.1,61.5,2010
697,USU,26.6,34.9,32.3,31.3,2010
698,UNT,24.2,33.9,25.2,42.5,2010
699,KU,23.0,25.4,33.7,36.9,2010
700,ULM,22.8,23.6,36.5,35.4,2010
701,ULL,22.6,27.1,34.1,27.9,2010
702,FAU,22.6,20.8,34.4,45.8,2010
703,RICE,22.4,33.4,19.1,59.2,2010
704,BALL,22.1,18.1,30.5,66.0,2010
705,WKU,21.6,25.7,31.2,35.4,2010
706,TULN,21.4,30.4,32.1,18.8,2010
707,CSU,21.2,27.8,28.6,33.7,2010
708,BGSU,20.4,14.0,35.8,58.8,2010
709,SJSU,17.2,21.1,25.4,40.1,2010
710,BUFF,16.1,8.7,43.5,43.3,2010
711,UNLV,15.4,25.6,18.1,42.3,2010
712,EMU,13.0,39.5,7.9,29.2,2010
713,AKR,11.9,15.9,20.5,36.2,2010
714,UNM,11.2,13.3,25.4,26.6,2010
715,NMSU,10.2,15.0,16.3,42.2,2010
716,MEM,9.1,9.7,22.1,34.7,2010
717,ALA,92.5,80.4,94.5,49.1,2011
718,LSU,92.1,76.6,90.2,77.6,2011
719,OKST,90.3,88.1,78.4,67.5,2011
720,BSU,88.2,82.4,77.5,73.8,2011
721,ORE,87.0,86.5,78.0,45.0,2011
722,WIS,86.2,93.9,56.1,50.3,2011
723,STAN,85.9,86.4,70.2,59.9,2011
724,USC,82.3,79.9,68.6,70.0,2011
725,OKLA,80.9,69.0,81.9,55.2,2011
726,MICH,77.6,72.4,73.2,50.3,2011
727,MSU,76.1,57.2,80.0,63.2,2011
728,ARK,75.6,72.2,63.6,71.7,2011
729,TA&M,75.0,73.6,66.4,55.5,2011
730,TCU,74.8,74.2,63.3,61.2,2011
731,FSU,74.0,51.5,75.4,80.2,2011
732,UGA,73.4,61.3,81.5,38.2,2011
733,HOU,72.8,86.3,48.1,40.0,2011
734,SC,70.4,60.2,77.6,32.8,2011
735,VT,70.4,64.9,69.7,48.1,2011
736,BAY,70.1,90.9,36.2,34.0,2011
737,MIZ,70.0,68.2,64.4,51.4,2011
738,ND,69.5,64.1,70.0,41.7,2011
739,CIN,67.9,55.6,70.6,57.1,2011
740,TEX,67.9,44.7,81.9,51.2,2011
741,USM,67.8,54.1,72.5,56.7,2011
742,CAL,67.5,56.2,71.9,52.4,2011
743,NEB,66.9,64.0,58.3,65.9,2011
744,KSU,66.2,59.2,65.9,55.1,2011
745,ASU,65.1,65.4,53.9,64.4,2011
746,TEM,65.1,60.2,55.5,75.5,2011
747,TOL,64.3,66.4,52.8,59.9,2011
748,FLA,63.5,44.2,66.8,75.7,2011
749,UTAH,63.4,32.6,79.4,61.9,2011
750,GT,63.3,81.1,43.2,27.0,2011
751,MSST,61.7,47.0,66.3,62.5,2011
752,WVU,61.7,68.7,57.8,28.5,2011
753,PSU,60.7,35.9,78.3,50.8,2011
754,VAN,60.2,46.2,71.0,45.1,2011
755,OSU,59.7,49.3,66.2,49.7,2011
756,TLSA,59.6,53.9,60.3,53.1,2011
757,LT,59.3,38.1,73.4,56.8,2011
758,MIAMI,59.0,63.9,45.6,65.6,2011
759,USF,59.0,53.9,63.3,42.6,2011
760,CLEM,58.6,61.4,50.5,54.8,2011
761,IOWA,57.8,60.5,53.1,47.5,2011
762,BYU,57.8,52.4,57.6,59.1,2011
763,SMU,57.1,49.1,60.9,52.2,2011
764,WASH,55.4,69.0,36.5,61.4,2011
765,NW,55.1,71.4,35.3,46.6,2011
766,TENN,54.9,49.8,63.2,34.7,2011
767,RUTG,53.5,30.5,73.1,64.5,2011
768,UNC,53.0,54.5,52.7,43.3,2011
769,NIU,52.9,66.4,42.1,40.0,2011
770,NEV,52.7,58.4,50.6,34.3,2011
771,AUB,51.9,55.6,41.4,69.1,2011
772,ILL,51.9,30.7,79.0,29.6,2011
773,PITT,51.4,40.4,58.4,61.0,2011
774,UCF,51.3,53.2,54.8,33.1,2011
775,WAKE,51.0,55.6,47.4,46.5,2011
776,NCST,50.9,35.7,67.8,44.4,2011
777,TTU,50.1,65.7,31.0,54.1,2011
778,WMU,50.1,58.5,38.4,60.6,2011
779,ARST,50.0,41.4,55.3,60.3,2011
780,LOU,49.7,41.6,50.7,70.0,2011
781,UCLA,48.9,59.0,42.8,41.9,2011
782,NAVY,48.7,69.0,29.9,45.3,2011
783,AFA,48.3,60.9,38.6,41.8,2011
784,ISU,48.2,38.3,59.5,50.1,2011
785,WSU,47.8,59.7,41.6,33.7,2011
786,OHIO,46.9,48.4,44.0,57.3,2011
787,ARIZ,46.6,69.2,31.9,25.8,2011
788,PUR,45.5,41.8,45.3,66.5,2011
789,UVA,45.2,43.5,52.2,40.9,2011
790,ORST,44.0,42.2,45.6,58.4,2011
791,ULL,43.3,37.8,46.2,62.3,2011
792,FIU,43.2,32.1,55.7,53.4,2011
793,BC,43.2,30.5,57.7,50.2,2011
794,USU,43.0,60.3,38.3,25.3,2011
795,SDSU,42.9,51.1,40.7,39.8,2011
796,CONN,42.5,21.5,63.1,62.9,2011
797,HAW,41.6,47.4,36.5,59.1,2011
798,BGSU,38.9,37.5,42.8,54.6,2011
799,SJSU,38.0,31.5,42.8,68.7,2011
800,WYO,38.0,42.3,40.1,43.8,2011
801,SYR,37.5,42.0,41.6,38.3,2011
802,UK,36.5,20.4,59.7,48.0,2011
803,MRSH,36.3,26.2,51.4,50.0,2011
804,M-OH,35.8,37.8,43.0,38.6,2011
805,UTEP,35.6,40.8,32.7,59.9,2011
806,ULM,35.3,39.9,46.0,23.5,2011
807,ECU,35.1,37.0,40.4,45.3,2011
808,WKU,34.8,35.2,37.9,56.5,2011
809,DUKE,34.0,44.6,29.7,47.4,2011
810,BALL,33.8,47.3,24.0,64.1,2011
811,FRES,33.7,56.7,21.6,42.3,2011
812,ARMY,33.0,40.7,39.5,24.0,2011
813,RICE,32.7,25.1,41.7,67.1,2011
814,COLO,32.3,50.5,26.4,34.9,2011
815,MD,31.8,37.0,36.6,39.0,2011
816,MISS,30.2,21.1,38.3,75.3,2011
817,MINN,29.9,37.8,27.7,57.8,2011
818,EMU,29.8,30.1,38.5,44.3,2011
819,UNT,28.0,25.4,35.0,61.2,2011
820,KU,25.6,44.5,21.9,33.1,2011
821,KENT,25.6,7.8,57.6,61.4,2011
822,UAB,25.5,36.2,22.7,56.2,2011
823,CMU,24.3,37.3,22.2,45.9,2011
824,BUFF,24.3,37.1,26.5,29.9,2011
825,NMSU,24.2,39.1,24.4,32.7,2011
826,CSU,22.6,21.4,32.8,52.3,2011
827,IDHO,22.3,15.4,39.3,51.9,2011
828,TROY,21.0,22.3,32.3,38.7,2011
829,IND,20.2,39.0,17.1,36.0,2011
830,UNLV,16.1,16.0,24.5,57.0,2011
831,MTSU,16.0,22.2,24.1,33.7,2011
832,TULN,14.0,19.4,25.8,24.4,2011
833,MEM,13.2,13.4,22.2,53.5,2011
834,FAU,10.1,7.5,26.6,42.0,2011
835,UNM,8.4,17.7,13.1,31.3,2011
836,AKR,6.7,7.5,16.0,45.6,2011
837,ALA,95.4,90.3,91.2,59.8,2012
838,ORE,91.0,88.3,81.7,55.3,2012
839,TA&M,88.8,91.3,74.6,37.7,2012
840,FSU,84.8,74.3,83.8,55.4,2012
841,KSU,83.4,78.2,72.1,74.0,2012
842,UGA,82.4,83.6,70.6,51.0,2012
843,SC,80.0,69.2,82.0,43.2,2012
844,OKLA,78.4,78.4,66.6,54.8,2012
845,FLA,78.0,47.0,84.5,78.9,2012
846,ND,77.8,67.9,81.2,38.0,2012
847,OKST,77.5,73.1,70.0,60.4,2012
848,STAN,76.8,58.1,82.5,53.6,2012
849,LSU,76.6,53.3,80.7,73.9,2012
850,USU,75.9,65.7,74.8,55.6,2012
851,CLEM,75.6,81.7,55.3,54.5,2012
852,ORST,75.3,65.9,73.9,57.4,2012
853,OSU,73.2,70.3,69.3,48.1,2012
854,BSU,72.6,59.0,73.5,63.1,2012
855,TEX,72.4,76.4,58.7,54.1,2012
856,ASU,71.6,66.3,68.7,52.3,2012
857,USC,71.1,61.3,67.2,68.8,2012
858,WIS,70.0,62.2,71.7,47.8,2012
859,BAY,69.7,86.1,44.4,31.9,2012
860,MICH,69.4,70.3,60.7,52.6,2012
861,VAN,69.3,52.9,71.5,68.8,2012
862,NW,69.0,61.4,62.2,72.8,2012
863,NEB,68.2,68.0,66.0,38.9,2012
864,BYU,68.1,46.1,81.8,57.3,2012
865,TCU,67.9,44.2,82.7,50.6,2012
866,MISS,67.5,62.5,71.9,33.6,2012
867,FRES,67.5,51.5,77.0,49.9,2012
868,UCLA,67.1,64.1,63.6,51.5,2012
869,UCF,66.6,64.6,60.2,57.8,2012
870,SJSU,66.0,63.9,63.2,47.7,2012
871,PSU,64.6,52.3,72.1,48.3,2012
872,CIN,64.6,60.9,63.9,46.4,2012
873,WVU,63.9,80.6,41.7,38.8,2012
874,NIU,63.8,63.4,54.5,65.4,2012
875,TTU,63.2,72.2,47.2,50.1,2012
876,ARIZ,62.9,75.4,47.0,37.7,2012
877,LOU,62.0,72.1,50.7,33.0,2012
878,GT,62.0,70.6,50.2,40.3,2012
879,KENT,60.4,46.4,60.2,75.9,2012
880,MSU,60.1,35.8,81.9,45.7,2012
881,SYR,59.9,63.8,55.1,38.7,2012
882,ISU,59.3,44.4,65.7,60.9,2012
883,MSST,59.1,52.9,58.0,61.2,2012
884,RUTG,59.0,32.5,78.3,50.6,2012
885,PITT,58.8,50.8,60.2,59.3,2012
886,MIAMI,58.8,67.2,43.3,65.0,2012
887,UNC,58.3,70.0,42.8,50.7,2012
888,MIZ,57.9,36.6,71.5,59.6,2012
889,WASH,57.5,39.1,73.4,46.8,2012
890,LT,57.5,78.9,27.0,54.1,2012
891,ARST,57.2,69.6,49.9,23.7,2012
892,TLSA,56.6,44.4,66.0,53.2,2012
893,ULL,55.8,64.9,46.7,45.4,2012
894,SDSU,54.1,56.3,51.1,47.2,2012
895,VT,53.3,31.4,73.9,50.9,2012
896,NCST,52.7,39.5,65.8,48.8,2012
897,TENN,52.6,71.2,33.8,45.5,2012
898,UTAH,51.5,36.1,61.3,62.8,2012
899,SMU,51.1,29.5,69.7,55.6,2012
900,BALL,49.0,60.6,31.0,69.1,2012
901,PUR,49.0,42.2,54.2,55.4,2012
902,ARK,48.3,54.3,46.1,41.4,2012
903,TOL,47.7,45.2,47.7,59.9,2012
904,ULM,47.2,57.0,40.1,42.7,2012
905,CAL,46.8,39.5,54.3,51.6,2012
906,BGSU,46.3,35.2,64.0,38.4,2012
907,MINN,45.7,38.5,58.6,36.8,2012
908,CONN,45.1,22.6,70.5,50.8,2012
909,OHIO,44.8,47.1,40.0,62.6,2012
910,WKU,43.9,44.7,46.9,45.4,2012
911,MTSU,43.6,46.0,38.7,66.9,2012
912,IOWA,43.4,33.4,55.7,50.6,2012
913,DUKE,43.4,55.6,27.2,66.2,2012
914,NEV,42.1,63.7,24.2,45.7,2012
915,AUB,41.9,29.8,47.1,73.7,2012
916,USF,40.9,42.3,44.9,43.6,2012
917,ECU,40.5,44.6,39.2,52.6,2012
918,RICE,40.2,41.0,36.6,66.9,2012
919,UVA,39.3,31.4,56.4,37.9,2012
920,TROY,39.2,48.1,33.6,50.0,2012
921,MD,39.0,20.8,63.4,49.3,2012
922,IND,38.5,55.3,28.7,43.2,2012
923,KU,37.8,40.0,46.3,31.6,2012
924,NAVY,35.7,44.3,32.2,54.2,2012
925,BC,35.5,27.4,43.9,63.3,2012
926,TEM,34.5,40.7,28.8,68.1,2012
927,WMU,33.9,39.9,37.9,37.2,2012
928,MRSH,33.6,58.8,21.3,29.4,2012
929,UK,32.4,37.9,32.5,54.0,2012
930,AFA,31.9,44.4,30.1,37.7,2012
931,WSU,31.7,32.4,43.0,32.9,2012
932,HOU,31.4,32.7,41.2,35.8,2012
933,WAKE,31.1,29.4,41.5,42.9,2012
934,CMU,30.5,47.0,26.7,39.3,2012
935,UTSA,30.1,40.8,22.5,67.0,2012
936,MEM,29.7,20.8,42.4,61.5,2012
937,UNM,28.9,42.8,23.5,51.6,2012
938,WYO,28.9,47.7,23.5,38.9,2012
939,UNT,27.8,30.2,37.8,35.9,2012
940,BUFF,27.8,28.6,40.9,32.4,2012
941,TXST,27.7,40.9,20.2,68.7,2012
942,FIU,27.3,27.9,39.9,33.3,2012
943,UTEP,26.3,26.6,28.1,69.7,2012
944,FAU,25.4,28.8,32.1,44.0,2012
945,M-OH,25.3,38.5,22.7,46.6,2012
946,ILL,23.4,18.0,43.7,38.4,2012
947,AKR,23.3,34.8,24.9,35.6,2012
948,UAB,23.2,29.3,24.2,57.2,2012
949,UNLV,22.6,28.9,26.1,49.4,2012
950,ARMY,21.0,44.7,12.3,38.6,2012
951,CSU,20.1,15.9,34.2,49.8,2012
952,EMU,19.7,30.2,23.7,33.2,2012
953,USM,15.9,17.1,26.4,44.0,2012
954,TULN,15.7,18.1,21.9,56.1,2012
955,USA,15.7,15.7,31.4,34.6,2012
956,HAW,15.5,12.3,30.0,57.7,2012
957,COLO,12.9,22.5,15.9,39.0,2012
958,IDHO,11.3,9.9,23.3,54.2,2012
959,UMASS,10.8,11.5,21.7,50.2,2012
960,NMSU,7.9,14.3,14.5,31.6,2012
961,FSU,96.1,93.5,89.2,61.4,2013
962,ALA,92.0,85.7,85.9,65.6,2013
963,BAY,87.0,87.9,77.8,36.8,2013
964,ORE,85.8,87.7,71.3,50.1,2013
965,STAN,85.4,77.8,79.4,63.8,2013
966,OSU,84.3,89.4,58.7,69.1,2013
967,MIZ,82.5,78.4,76.9,50.1,2013
968,SC,82.4,81.7,73.5,43.2,2013
969,OKST,82.3,69.9,84.5,45.9,2013
970,AUB,82.3,83.5,66.8,63.8,2013
971,LOU,81.4,73.5,80.8,45.4,2013
972,CLEM,80.9,74.0,79.5,44.8,2013
973,LSU,80.3,85.2,62.4,52.1,2013
974,ASU,79.7,77.0,71.9,53.8,2013
975,UCLA,79.6,77.3,69.8,59.3,2013
976,WIS,79.4,71.9,78.4,47.1,2013
977,WASH,76.8,71.2,71.6,56.0,2013
978,OKLA,76.4,71.7,70.0,58.5,2013
979,USC,75.8,57.4,81.8,56.0,2013
980,MSU,75.7,54.6,85.2,53.5,2013
981,KSU,72.4,74.2,62.9,50.1,2013
982,TA&M,72.1,87.7,40.4,52.9,2013
983,UGA,71.2,79.6,51.8,53.6,2013
984,UCF,71.0,76.9,53.1,61.5,2013
985,ARIZ,69.6,65.1,70.8,36.7,2013
986,MISS,68.4,64.2,68.9,39.0,2013
987,BYU,67.2,59.7,73.6,35.2,2013
988,USU,66.9,43.7,76.9,65.1,2013
989,TEX,66.8,54.9,70.2,56.8,2013
990,BGSU,66.7,63.4,55.6,73.4,2013
991,GT,65.8,67.4,52.5,66.2,2013
992,ORST,65.1,69.5,57.2,41.5,2013
993,MSST,65.0,60.4,69.7,32.6,2013
994,IOWA,64.7,43.0,81.0,42.3,2013
995,ND,64.7,65.8,58.6,49.1,2013
996,UNC,64.2,63.0,61.7,44.4,2013
997,UTAH,63.7,51.7,65.1,64.6,2013
998,BSU,63.1,61.9,50.0,78.4,2013
999,MIAMI,63.0,73.8,45.3,57.9,2013
1000,TTU,62.2,66.3,57.8,34.4,2013
1001,VT,62.1,38.5,82.1,42.6,2013
1002,FRES,61.8,70.1,51.3,39.0,2013
1003,DUKE,61.7,59.5,54.8,64.1,2013
1004,WSU,61.2,54.8,63.7,48.6,2013
1005,MRSH,60.7,71.5,46.8,41.3,2013
1006,ECU,60.1,65.3,52.6,42.1,2013
1007,MICH,59.9,53.8,62.7,48.8,2013
1008,NEB,59.5,49.5,66.3,48.7,2013
1009,NIU,57.9,69.2,47.8,34.7,2013
1010,VAN,57.6,43.5,64.1,62.6,2013
1011,TCU,57.4,31.5,79.3,45.7,2013
1012,NAVY,57.2,69.5,37.1,65.3,2013
1013,PITT,56.7,54.5,60.9,37.7,2013
1014,BALL,56.6,63.1,45.0,56.4,2013
1015,FLA,56.3,32.6,78.8,45.8,2013
1016,HOU,56.0,42.1,61.6,64.7,2013
1017,CIN,55.5,57.1,61.1,22.4,2013
1018,MINN,55.3,48.2,54.7,66.6,2013
1019,UNT,54.9,37.3,60.4,79.0,2013
1020,TOL,54.4,58.0,44.3,65.5,2013
1021,TENN,53.8,40.5,62.5,57.6,2013
1022,NW,53.6,45.1,61.5,47.1,2013
1023,BC,52.6,56.6,46.3,56.0,2013
1024,PSU,51.0,39.0,67.0,37.8,2013
1025,MD,51.0,38.3,61.8,50.5,2013
1026,IND,49.5,73.5,26.3,53.8,2013
1027,SYR,48.0,39.9,56.4,52.6,2013
1028,WVU,47.2,37.9,56.0,53.5,2013
1029,RICE,47.1,40.4,53.3,56.5,2013
1030,CSU,45.7,53.1,39.0,52.1,2013
1031,ULL,44.9,53.8,38.0,50.7,2013
1032,ISU,44.4,44.0,45.6,53.6,2013
1033,TULN,43.6,20.1,66.1,63.9,2013
1034,FAU,43.2,31.6,67.7,29.1,2013
1035,ARK,42.6,48.6,38.2,55.3,2013
1036,MTSU,42.5,41.7,44.9,54.3,2013
1037,BUFF,42.4,35.3,51.3,54.2,2013
1038,WKU,42.2,39.8,46.1,56.6,2013
1039,SJSU,41.5,62.8,25.3,46.8,2013
1040,UTSA,41.1,49.0,43.5,28.8,2013
1041,ARST,40.3,42.4,34.7,71.1,2013
1042,ILL,40.0,56.0,30.1,46.1,2013
1043,USA,39.5,47.2,39.0,39.7,2013
1044,RUTG,39.4,39.6,37.3,67.1,2013
1045,SMU,39.1,42.5,40.8,47.0,2013
1046,NEV,39.0,54.1,26.1,55.6,2013
1047,WAKE,38.8,24.1,59.2,48.1,2013
1048,SDSU,38.6,32.2,53.1,39.5,2013
1049,COLO,37.6,37.2,49.7,29.3,2013
1050,UNLV,37.4,48.3,37.6,30.0,2013
1051,TEM,35.3,51.7,26.9,46.3,2013
1052,OHIO,34.6,34.3,34.3,68.7,2013
1053,UK,32.7,43.0,29.7,49.3,2013
1054,MEM,32.3,18.9,48.5,67.5,2013
1055,UVA,32.1,23.7,53.4,42.2,2013
1056,KENT,31.6,36.6,33.8,48.5,2013
1057,TROY,30.9,51.3,17.9,55.2,2013
1058,ODU,30.8,67.2,9.3,50.4,2013
1059,ULM,30.7,31.7,43.7,28.6,2013
1060,WYO,30.4,50.8,26.1,26.0,2013
1061,AKR,29.5,28.2,42.5,36.6,2013
1062,KU,29.3,14.0,50.9,61.7,2013
1063,HAW,29.1,24.5,38.0,60.8,2013
1064,NCST,28.0,24.6,41.2,47.7,2013
1065,CMU,27.7,24.4,38.6,50.6,2013
1066,TLSA,26.8,19.7,50.8,29.3,2013
1067,TXST,26.0,13.7,45.5,64.1,2013
1068,CONN,25.8,22.6,44.3,32.1,2013
1069,CAL,24.9,36.1,25.3,38.7,2013
1070,USF,24.0,8.6,49.8,69.2,2013
1071,LT,20.1,17.0,35.1,47.9,2013
1072,AFA,19.7,47.5,10.4,54.2,2013
1073,ARMY,19.6,41.1,14.1,36.1,2013
1074,UNM,19.5,51.5,6.6,66.1,2013
1075,PUR,18.0,14.0,29.8,63.5,2013
1076,UAB,15.9,34.3,9.9,60.5,2013
1077,WMU,15.2,13.5,30.4,43.7,2013
1078,NMSU,12.9,25.2,16.2,29.8,2013
1079,IDHO,10.8,13.6,18.4,50.0,2013
1080,GAST,10.6,15.2,18.4,38.6,2013
1081,UTEP,10.4,28.1,6.3,51.6,2013
1082,UMASS,10.4,12.0,24.6,30.4,2013
1083,USM,8.9,7.9,24.7,36.1,2013
1084,M-OH,8.5,4.6,21.1,72.1,2013
1085,FIU,6.5,6.0,15.9,54.4,2013
1086,EMU,6.1,22.6,6.8,20.9,2013
1087,ORE,88.7,91.3,69.9,58.2,2014
1088,TCU,88.0,75.8,88.0,57.7,2014
1089,OSU,87.5,87.5,74.9,53.4,2014
1090,ALA,87.3,84.9,82.5,38.0,2014
1091,UGA,86.3,87.8,70.0,61.4,2014
1092,BAY,86.2,87.7,70.6,52.7,2014
1093,MSU,85.7,83.2,76.2,54.5,2014
1094,ARK,81.7,72.0,78.8,60.7,2014
1095,MISS,81.7,61.0,88.5,47.4,2014
1096,MSST,80.4,77.2,74.6,47.4,2014
1097,STAN,79.4,62.6,84.0,50.0,2014
1098,USC,78.7,74.6,70.5,61.0,2014
1099,GT,78.5,89.6,50.5,44.7,2014
1100,OKLA,78.0,76.4,69.5,54.0,2014
1101,AUB,77.7,86.2,58.4,41.7,2014
1102,KSU,77.3,75.0,65.2,67.0,2014
1103,CLEM,75.8,49.6,92.5,32.1,2014
1104,FSU,74.8,76.3,62.9,55.0,2014
1105,WIS,74.8,76.2,68.5,38.7,2014
1106,ASU,73.8,63.9,74.7,52.4,2014
1107,UCLA,73.8,75.2,64.4,48.7,2014
1108,UTAH,73.6,49.5,77.7,76.6,2014
1109,LSU,72.9,60.5,76.6,51.8,2014
1110,MIZ,71.7,58.8,75.0,54.0,2014
1111,FLA,70.1,35.3,85.7,60.0,2014
1112,MRSH,69.2,71.7,58.1,55.6,2014
1113,LOU,68.9,49.2,85.0,35.3,2014
1114,TA&M,68.7,79.1,44.2,72.2,2014
1115,BSU,68.4,68.2,65.1,40.4,2014
1116,NEB,68.1,60.7,58.3,78.7,2014
1117,TENN,67.4,56.1,67.1,66.1,2014
1118,WVU,67.0,60.2,70.5,43.6,2014
1119,ARIZ,66.9,63.0,66.0,45.4,2014
1120,MIAMI,66.1,63.1,65.8,41.8,2014
1121,MEM,65.0,45.7,68.7,76.4,2014
1122,WASH,64.3,47.6,71.0,58.3,2014
1123,ND,64.1,72.4,50.3,46.2,2014
1124,LT,62.3,50.2,69.5,48.9,2014
1125,SC,62.3,75.5,37.5,62.6,2014
1126,MINN,62.3,59.3,56.5,62.8,2014
1127,BC,61.0,63.7,54.3,49.1,2014
1128,GASO,60.9,70.6,48.1,47.2,2014
1129,DUKE,60.6,60.6,49.3,72.4,2014
1130,TEX,59.6,33.5,81.9,37.3,2014
1131,CSU,59.2,73.9,40.3,52.5,2014
1132,CIN,58.8,67.1,44.3,57.9,2014
1133,VT,58.4,30.1,82.0,55.0,2014
1134,USU,58.2,34.3,74.1,49.7,2014
1135,MD,58.0,45.4,59.6,67.1,2014
1136,BYU,57.4,58.5,51.2,56.9,2014
1137,CAL,57.1,73.9,36.2,49.9,2014
1138,PITT,57.0,71.3,39.4,46.0,2014
1139,ECU,56.6,64.1,49.4,36.2,2014
1140,UVA,56.2,37.6,71.4,53.0,2014
1141,OKST,56.1,50.6,52.7,68.1,2014
1142,NCST,56.1,62.8,44.7,56.6,2014
1143,UK,54.5,57.7,50.2,49.0,2014
1144,UCF,54.5,43.8,66.9,38.2,2014
1145,RUTG,53.6,60.7,42.9,57.9,2014
1146,PSU,53.1,26.8,82.4,40.6,2014
1147,WMU,52.6,59.7,46.4,45.4,2014
1148,WKU,51.0,76.1,27.5,44.9,2014
1149,IOWA,51.0,51.3,57.1,32.2,2014
1150,MICH,49.7,34.7,65.7,44.2,2014
1151,AFA,48.4,41.9,51.4,63.3,2014
1152,SDSU,48.2,37.8,56.8,56.8,2014
1153,NAVY,48.1,61.5,37.9,43.3,2014
1154,ORST,47.5,49.6,47.0,48.3,2014
1155,TOL,47.3,60.2,35.0,49.4,2014
1156,TTU,47.2,68.4,31.3,39.6,2014
1157,TEM,47.1,18.7,70.4,61.9,2014
1158,NW,46.8,32.1,63.7,51.4,2014
1159,NIU,46.6,51.8,39.8,58.2,2014
1160,UNC,45.7,60.7,33.3,48.2,2014
1161,NEV,45.7,44.3,45.8,59.3,2014
1162,HOU,45.1,42.5,50.4,48.1,2014
1163,WSU,44.5,61.1,38.8,20.6,2014
1164,RICE,43.3,49.6,40.6,46.7,2014
1165,ULL,42.5,51.0,36.3,52.7,2014
1166,IND,42.5,44.4,46.5,41.1,2014
1167,ILL,40.9,40.9,41.9,56.5,2014
1168,CMU,40.5,44.0,45.4,35.2,2014
1169,PUR,39.9,35.2,46.5,53.9,2014
1170,COLO,39.8,47.4,38.3,41.6,2014
1171,ARST,39.8,42.0,42.2,47.3,2014
1172,SYR,39.0,24.1,63.6,38.1,2014
1173,ISU,38.6,51.1,32.1,47.7,2014
1174,UAB,38.5,33.4,42.7,66.8,2014
1175,APP,36.9,51.5,33.3,30.4,2014
1176,KU,36.4,31.1,52.9,34.2,2014
1177,UTEP,36.1,32.6,43.9,54.7,2014
1178,MTSU,35.8,41.8,33.5,56.4,2014
1179,BALL,35.7,34.2,38.3,62.3,2014
1180,TXST,34.2,38.5,32.0,62.2,2014
1181,BGSU,34.0,32.2,38.7,60.3,2014
1182,FRES,33.6,34.4,38.2,52.6,2014
1183,ULM,32.9,20.1,54.2,52.7,2014
1184,FIU,31.8,14.2,61.5,47.2,2014
1185,TULN,31.3,23.6,57.5,23.7,2014
1186,AKR,30.4,20.7,46.9,57.4,2014
1187,WAKE,30.1,12.2,53.4,67.8,2014
1188,USA,30.1,21.6,46.8,53.1,2014
1189,FAU,29.6,38.0,28.7,50.5,2014
1190,HAW,28.6,22.9,36.2,69.7,2014
1191,UNM,27.5,51.7,17.1,56.4,2014
1192,ODU,27.2,60.1,16.2,24.7,2014
1193,ARMY,27.0,41.4,22.3,49.8,2014
1194,UTSA,26.8,15.9,49.3,49.2,2014
1195,UMASS,26.6,38.6,25.3,45.2,2014
1196,OHIO,26.5,24.1,39.7,43.7,2014
1197,USF,25.1,23.1,35.6,50.5,2014
1198,BUFF,25.0,39.9,22.9,35.0,2014
1199,SJSU,24.4,32.5,34.5,19.9,2014
1200,VAN,24.4,19.6,39.4,45.5,2014
1201,WYO,23.6,30.9,31.2,30.2,2014
1202,TLSA,22.9,37.7,15.2,60.9,2014
1203,KENT,22.0,23.1,31.9,43.0,2014
1204,USM,21.9,24.9,27.0,55.0,2014
1205,M-OH,21.2,26.9,28.7,36.6,2014
1206,CONN,20.6,10.4,42.1,51.4,2014
1207,UNT,20.1,18.4,29.4,57.1,2014
1208,UNLV,19.0,28.6,17.7,57.4,2014
1209,TROY,16.9,29.5,17.0,45.4,2014
1210,IDHO,15.1,27.2,11.4,63.0,2014
1211,NMSU,13.1,22.1,21.0,23.1,2014
1212,GAST,12.4,33.0,9.7,36.7,2014
1213,SMU,10.2,10.2,22.2,44.3,2014
1214,EMU,8.7,11.3,16.5,46.8,2014
1215,ALA,90.0,74.7,91.6,61.7,2015
1216,CLEM,86.3,83.9,84.1,30.8,2015
1217,OKLA,84.8,81.2,80.2,44.3,2015
1218,MISS,84.0,85.4,73.0,45.9,2015
1219,OSU,82.8,69.4,80.0,70.4,2015
1220,STAN,80.7,84.1,60.5,65.7,2015
1221,BAY,79.2,82.7,67.3,35.3,2015
1222,ND,79.0,85.1,54.1,68.5,2015
1223,UNC,78.7,84.1,57.6,69.9,2015
1224,TENN,77.9,71.5,68.7,70.9,2015
1225,MICH,77.5,70.6,71.0,65.1,2015
1226,MSST,76.3,78.0,65.6,48.5,2015
1227,LSU,75.3,73.8,70.4,43.2,2015
1228,ARK,74.9,88.4,44.3,49.9,2015
1229,WKU,74.2,84.5,49.8,55.1,2015
1230,FSU,73.8,70.0,70.3,48.8,2015
1231,TCU,73.1,67.4,70.1,53.1,2015
1232,NAVY,73.1,79.5,55.9,48.7,2015
1233,ORE,72.9,83.9,49.7,55.6,2015
1234,UGA,72.7,54.8,79.6,54.6,2015
1235,MSU,72.6,68.6,71.8,38.6,2015
1236,USC,71.8,71.1,66.9,43.8,2015
1237,WASH,71.4,48.0,78.4,66.9,2015
1238,IOWA,71.3,64.4,71.4,47.5,2015
1239,UTAH,70.8,49.3,80.5,58.0,2015
1240,OKST,69.7,70.1,61.1,54.2,2015
1241,HOU,69.6,63.2,66.3,59.2,2015
1242,CAL,69.6,79.5,55.0,35.0,2015
1243,WIS,68.4,53.4,74.7,58.2,2015
1244,WVU,68.2,55.9,74.8,46.6,2015
1245,MEM,67.0,68.9,52.9,65.8,2015
1246,FLA,66.6,46.5,77.4,51.0,2015
1247,UCLA,65.8,66.7,64.2,34.7,2015
1248,TOL,65.8,57.3,67.5,52.3,2015
1249,TA&M,65.6,49.9,71.9,61.0,2015
1250,AUB,65.4,59.0,63.7,56.5,2015
1251,LOU,64.9,50.7,73.8,47.2,2015
1252,BGSU,64.6,81.4,41.7,34.5,2015
1253,GASO,64.4,60.0,62.4,53.8,2015
1254,WSU,63.5,63.0,63.2,35.3,2015
1255,TTU,62.8,84.2,26.3,64.1,2015
1256,NCST,61.4,69.9,48.0,47.6,2015
1257,NEB,61.1,63.7,50.5,59.9,2015
1258,BYU,61.0,56.3,59.5,56.6,2015
1259,BSU,60.9,52.8,66.6,48.5,2015
1260,SDSU,60.5,47.5,66.0,60.4,2015
1261,PITT,60.4,61.3,55.7,50.2,2015
1262,NW,60.1,31.8,80.1,57.2,2015
1263,ASU,59.9,59.6,54.1,56.6,2015
1264,MIAMI,59.5,55.7,57.0,58.2,2015
1265,USF,59.0,54.9,62.4,42.2,2015
1266,VT,58.7,45.1,63.8,64.3,2015
1267,TEX,58.6,41.6,66.0,61.0,2015
1268,TEM,58.0,42.2,69.3,54.0,2015
1269,LT,58.0,62.3,56.4,35.6,2015
1270,USM,56.7,60.7,50.6,46.9,2015
1271,APP,56.5,51.3,62.1,41.4,2015
1272,WMU,55.4,66.7,37.4,57.2,2015
1273,PSU,54.6,41.2,69.2,39.0,2015
1274,MRSH,54.2,40.3,57.6,74.2,2015
1275,ARST,53.5,42.2,60.1,59.6,2015
1276,DUKE,53.4,48.6,51.8,65.7,2015
1277,KSU,53.3,52.1,44.5,72.8,2015
1278,IND,52.3,68.1,34.2,51.3,2015
1279,ISU,51.4,51.1,50.1,53.5,2015
1280,AFA,50.9,59.0,43.8,43.8,2015
1281,ARIZ,50.8,65.6,35.5,54.4,2015
1282,GT,50.0,43.7,54.8,54.6,2015
1283,MIZ,49.2,25.0,72.5,46.4,2015
1284,VAN,49.1,27.3,78.3,33.4,2015
1285,UVA,49.1,52.4,50.7,37.0,2015
1286,ILL,48.7,42.1,59.4,41.8,2015
1287,ECU,48.1,48.5,45.1,60.4,2015
1288,OHIO,47.9,41.0,54.4,55.7,2015
1289,NIU,47.5,36.9,59.3,47.3,2015
1290,MTSU,47.4,53.9,40.0,55.5,2015
1291,CIN,47.1,58.5,39.2,39.5,2015
1292,SYR,46.7,48.7,42.3,61.2,2015
1293,MINN,46.7,43.7,51.8,46.9,2015
1294,CMU,45.9,45.8,49.7,44.3,2015
1295,SC,45.7,52.7,40.8,50.7,2015
1296,BC,45.5,13.1,84.1,40.2,2015
1297,AKR,44.5,32.6,59.1,49.3,2015
1298,USU,44.2,36.4,56.6,43.8,2015
1299,SJSU,42.9,53.5,37.3,41.2,2015
1300,UK,42.9,47.7,42.3,45.6,2015
1301,MD,42.1,36.7,50.5,48.4,2015
1302,CONN,41.4,26.4,59.4,52.2,2015
1303,COLO,41.1,35.5,51.8,46.5,2015
1304,CSU,38.3,47.9,30.9,55.6,2015
1305,TROY,37.7,32.2,44.5,58.9,2015
1306,TLSA,35.8,54.1,26.7,40.5,2015
1307,UNM,35.7,38.4,36.3,56.2,2015
1308,PUR,35.6,45.3,37.9,29.7,2015
1309,RUTG,34.8,51.6,21.1,65.1,2015
1310,NEV,34.0,36.3,37.0,51.1,2015
1311,WAKE,33.4,23.7,49.1,56.7,2015
1312,GAST,32.6,38.6,39.0,31.8,2015
1313,BUFF,30.9,32.2,39.7,40.7,2015
1314,FAU,30.2,20.7,48.1,56.8,2015
1315,ORST,29.4,33.3,35.2,42.0,2015
1316,FIU,28.8,31.0,30.4,64.6,2015
1317,UNLV,28.5,36.2,26.6,56.3,2015
1318,UMASS,27.2,30.4,35.5,38.2,2015
1319,UTSA,24.0,23.6,35.9,42.1,2015
1320,USA,23.5,25.2,36.2,33.3,2015
1321,IDHO,22.6,41.7,16.4,42.8,2015
1322,KENT,22.4,8.3,53.8,44.6,2015
1323,SMU,22.2,40.7,17.1,42.4,2015
1324,TULN,21.7,20.7,39.2,28.1,2015
1325,ULL,21.0,32.1,19.7,51.3,2015
1326,ARMY,20.9,26.7,26.5,41.9,2015
1327,RICE,20.8,42.2,11.7,50.1,2015
1328,TXST,19.9,32.3,14.8,67.9,2015
1329,BALL,19.7,26.8,20.3,61.3,2015
1330,FRES,19.5,17.9,31.4,49.5,2015
1331,HAW,19.5,16.5,28.0,64.8,2015
1332,M-OH,19.1,14.5,40.0,33.5,2015
1333,NMSU,18.7,29.8,18.4,46.8,2015
1334,ULM,18.1,10.7,42.5,37.9,2015
1335,ODU,17.6,26.5,23.4,32.4,2015
1336,UTEP,16.7,16.9,29.7,40.3,2015
1337,KU,15.8,20.3,26.1,31.6,2015
1338,EMU,13.7,35.2,8.8,54.3,2015
1339,CHAR,13.5,9.4,35.5,39.1,2015
1340,WYO,13.1,25.1,15.9,33.3,2015
1341,UCF,10.8,8.4,22.7,60.2,2015
1342,UNT,8.5,9.1,17.0,57.8,2015
1343,ALA,93.5,70.8,97.4,56.2,2016
1344,WASH,89.3,81.6,85.4,56.6,2016
1345,MICH,88.9,73.7,87.4,74.8,2016
1346,CLEM,87.1,81.8,82.9,47.0,2016
1347,OSU,85.2,70.7,88.5,48.6,2016
1348,LSU,82.9,73.2,86.7,32.4,2016
1349,OKLA,82.8,92.1,59.1,41.1,2016
1350,FSU,80.6,80.8,75.6,32.4,2016
1351,USC,80.6,78.1,68.5,64.2,2016
1352,LOU,80.1,80.3,74.6,35.4,2016
1353,WIS,79.3,63.8,85.5,45.5,2016
1354,MIAMI,78.1,66.1,75.0,67.5,2016
1355,KSU,77.5,72.1,68.5,67.8,2016
1356,STAN,76.1,54.4,77.2,79.5,2016
1357,AUB,74.6,63.2,73.3,62.4,2016
1358,WMU,74.2,79.1,55.8,54.1,2016
1359,COLO,73.6,61.3,82.2,33.3,2016
1360,WKU,73.6,79.9,54.3,62.3,2016
1361,PSU,72.6,71.2,63.3,61.0,2016
1362,FLA,72.4,39.1,87.2,64.7,2016
1363,OKST,71.4,74.8,56.6,61.4,2016
1364,VT,71.1,55.4,76.1,58.5,2016
1365,UNC,69.7,74.2,52.0,67.8,2016
1366,PITT,69.7,82.7,46.0,56.2,2016
1367,TA&M,69.4,64.8,63.0,63.2,2016
1368,BSU,68.9,69.4,66.5,33.4,2016
1369,NCST,66.9,59.6,71.7,35.8,2016
1370,WVU,66.8,64.8,67.9,32.1,2016
1371,WSU,65.8,67.9,55.7,53.1,2016
1372,IOWA,65.5,51.4,66.3,69.5,2016
1373,TEM,65.4,60.0,60.8,63.6,2016
1374,SDSU,65.3,45.9,72.2,67.3,2016
1375,TENN,65.2,71.4,51.5,57.8,2016
1376,USF,64.9,78.0,48.5,44.0,2016
1377,HOU,64.5,55.4,68.2,53.4,2016
1378,BYU,64.5,48.3,68.2,72.6,2016
1379,UTAH,64.1,48.7,66.9,73.3,2016
1380,TLSA,62.8,64.1,58.9,42.5,2016
1381,GT,62.0,71.3,43.9,65.6,2016
1382,NW,61.7,55.2,63.7,50.1,2016
1383,LT,61.5,79.0,36.8,52.1,2016
1384,APP,61.1,52.1,64.2,56.9,2016
1385,MINN,61.1,43.3,68.6,65.1,2016
1386,MISS,60.6,69.4,47.1,50.1,2016
1387,MEM,60.5,60.6,44.3,83.4,2016
1388,BAY,58.8,55.2,60.0,45.8,2016
1389,TCU,58.5,53.1,59.1,55.3,2016
1390,ARK,58.2,62.1,45.8,62.2,2016
1391,UCLA,58.1,40.1,75.4,32.4,2016
1392,ND,57.7,58.9,57.5,38.1,2016
1393,UGA,57.4,46.3,71.9,35.0,2016
1394,NAVY,57.2,79.7,29.7,56.1,2016
1395,TOL,56.9,71.0,40.4,44.6,2016
1396,TEX,56.1,48.4,61.2,51.6,2016
1397,NEB,56.1,54.6,53.3,55.6,2016
1398,TTU,55.6,79.2,25.2,45.0,2016
1399,TROY,54.1,38.9,64.3,61.4,2016
1400,WAKE,53.9,32.4,71.0,56.8,2016
1401,VAN,53.2,46.1,62.2,40.7,2016
1402,MSST,52.5,63.1,40.9,49.8,2016
1403,AFA,50.2,50.3,45.5,62.3,2016
1404,ORE,50.1,73.9,30.5,39.9,2016
1405,UK,49.7,56.4,42.6,52.6,2016
1406,WYO,49.4,53.2,49.3,40.4,2016
1407,CSU,48.6,62.4,34.1,52.6,2016
1408,CAL,48.2,69.1,26.3,51.8,2016
1409,ODU,47.9,56.6,42.5,42.1,2016
1410,ISU,47.8,55.2,36.1,68.9,2016
1411,DUKE,47.7,49.2,52.7,33.8,2016
1412,IND,47.1,39.3,60.9,37.5,2016
1413,BC,47.1,21.9,73.9,54.9,2016
1414,MSU,46.6,52.4,41.7,50.6,2016
1415,UCF,46.2,21.6,71.8,55.7,2016
1416,ORST,45.3,40.3,52.8,45.9,2016
1417,MD,44.8,47.5,40.2,64.4,2016
1418,ARST,44.8,28.7,63.2,49.6,2016
1419,ARMY,44.3,43.9,53.2,33.0,2016
1420,MIZ,44.3,48.6,40.2,57.1,2016
1421,SC,44.2,33.4,57.1,48.4,2016
1422,OHIO,43.1,31.8,53.7,61.6,2016
1423,UNM,42.6,61.2,26.4,54.7,2016
1424,MTSU,42.5,61.0,32.4,38.2,2016
1425,SMU,42.2,39.7,55.3,29.3,2016
1426,ASU,40.9,37.0,43.4,62.4,2016
1427,SYR,40.9,52.2,33.6,45.3,2016
1428,IDHO,40.8,42.7,34.0,74.2,2016
1429,NIU,37.9,42.5,36.3,54.8,2016
1430,UVA,37.9,33.2,46.0,53.9,2016
1431,USU,37.3,36.2,45.7,40.3,2016
1432,ARIZ,37.0,56.2,31.5,29.6,2016
1433,CIN,36.8,30.4,48.9,46.2,2016
1434,EMU,36.4,40.2,34.9,58.6,2016
1435,TULN,36.1,26.1,56.7,37.1,2016
1436,GASO,35.9,34.9,36.1,67.8,2016
1437,USM,35.9,36.1,46.4,37.8,2016
1438,UTSA,34.8,33.6,39.1,58.7,2016
1439,M-OH,34.5,32.9,44.5,40.9,2016
1440,CMU,33.8,35.0,42.0,39.4,2016
1441,ULL,32.6,28.4,44.2,48.3,2016
1442,HAW,31.4,34.7,33.8,52.8,2016
1443,BALL,31.0,36.4,32.4,51.0,2016
1444,ECU,30.4,44.1,28.2,33.6,2016
1445,ILL,30.4,27.4,43.0,38.1,2016
1446,AKR,28.2,37.8,27.2,51.0,2016
1447,GAST,28.1,25.0,48.7,19.6,2016
1448,NEV,27.7,41.9,23.6,48.2,2016
1449,UNLV,27.5,46.0,23.0,37.0,2016
1450,KENT,27.3,16.4,48.9,43.4,2016
1451,UNT,27.1,26.0,34.7,54.8,2016
1452,USA,26.3,32.4,31.8,38.1,2016
1453,PUR,26.2,36.3,27.4,39.7,2016
1454,KU,25.2,15.7,51.3,37.2,2016
1455,SJSU,23.7,28.8,29.9,41.3,2016
1456,UMASS,23.7,32.0,28.7,35.6,2016
1457,BGSU,23.1,26.5,29.6,47.7,2016
1458,CONN,21.2,21.2,31.0,48.4,2016
1459,RUTG,21.0,16.0,41.2,37.6,2016
1460,FRES,20.7,14.9,37.8,52.4,2016
1461,CHAR,20.4,20.7,31.7,44.5,2016
1462,NMSU,20.2,29.1,26.6,29.7,2016
1463,FAU,19.8,34.6,15.3,58.3,2016
1464,ULM,19.6,31.2,19.5,46.6,2016
1465,RICE,18.2,27.3,19.0,49.1,2016
1466,MRSH,18.0,21.0,22.7,60.3,2016
1467,UTEP,18.0,31.3,17.4,45.5,2016
1468,FIU,17.9,19.4,26.4,50.3,2016
1469,BUFF,14.0,12.7,32.9,30.2,2016
1470,TXST,8.9,18.7,13.0,31.8,2016
1471,ALA,92.8,86.4,89.9,50.6,2017
1472,UGA,91.6,85.9,87.2,55.8,2017
1473,PSU,89.8,88.6,77.2,62.2,2017
1474,OSU,89.5,85.6,83.5,49.1,2017
1475,CLEM,89.0,76.4,90.9,47.3,2017
1476,OKLA,85.9,96.6,52.3,38.2,2017
1477,WIS,84.7,70.1,86.9,57.2,2017
1478,ND,82.7,77.1,79.9,45.5,2017
1479,WASH,82.4,78.3,75.4,55.4,2017
1480,AUB,82.4,70.7,84.7,46.8,2017
1481,UCF,80.6,80.4,66.6,63.7,2017
1482,OKST,80.2,89.2,61.7,31.5,2017
1483,TCU,80.0,66.2,77.5,72.5,2017
1484,LSU,74.9,75.5,67.6,44.0,2017
1485,MSST,73.6,56.0,83.1,52.7,2017
1486,STAN,72.9,77.6,55.6,64.9,2017
1487,ISU,72.8,66.9,70.4,51.7,2017
1488,WAKE,72.5,73.9,64.3,48.5,2017
1489,NCST,72.2,76.6,61.4,39.1,2017
1490,VT,71.7,49.8,79.2,69.5,2017
1491,USC,71.7,67.5,68.0,50.1,2017
1492,MIAMI,71.6,64.0,74.2,38.9,2017
1493,LOU,71.3,80.4,48.4,58.9,2017
1494,MICH,69.3,45.6,82.3,57.5,2017
1495,MSU,69.0,56.4,75.7,50.5,2017
1496,FSU,68.5,52.8,74.0,56.0,2017
1497,BSU,67.8,62.5,64.7,56.1,2017
1498,TEX,67.7,35.1,86.6,59.4,2017
1499,BC,67.4,52.3,73.3,58.3,2017
1500,KSU,67.3,57.4,60.4,77.8,2017
1501,IOWA,66.9,52.7,71.5,56.6,2017
1502,MEM,65.9,74.0,49.0,55.9,2017
1503,UTAH,64.6,47.7,71.7,63.9,2017
1504,GT,63.2,69.1,57.1,35.1,2017
1505,PUR,62.3,52.2,69.6,43.3,2017
1506,TTU,62.3,66.9,55.9,40.2,2017
1507,WSU,62.2,45.7,78.8,38.3,2017
1508,USF,62.2,58.4,64.9,39.8,2017
1509,NW,62.1,48.2,70.2,55.7,2017
1510,ORE,61.9,55.9,64.3,47.5,2017
1511,DUKE,61.9,50.9,72.2,41.1,2017
1512,SC,61.6,52.1,66.3,47.3,2017
1513,FAU,61.5,69.2,43.8,66.8,2017
1514,ARIZ,61.4,81.2,39.4,40.6,2017
1515,FRES,60.4,50.4,66.6,49.5,2017
1516,HOU,59.4,44.3,68.0,53.1,2017
1517,SDSU,59.4,50.6,61.9,57.5,2017
1518,IND,59.3,48.2,66.9,53.2,2017
1519,WVU,58.9,66.6,52.4,37.7,2017
1520,NAVY,58.0,63.3,45.6,56.8,2017
1521,TOL,57.5,64.0,44.1,59.1,2017
1522,PITT,57.4,57.5,52.2,57.2,2017
1523,TA&M,56.9,48.3,60.2,57.6,2017
1524,MIZ,56.7,73.7,38.7,42.5,2017
1525,ASU,56.5,65.9,45.1,45.7,2017
1526,OHIO,56.1,56.9,51.9,53.2,2017
1527,ARMY,55.3,74.4,30.1,49.9,2017
1528,TROY,54.6,48.5,60.7,43.4,2017
1529,APP,54.2,46.7,62.8,42.6,2017
1530,MISS,54.1,64.0,41.1,56.7,2017
1531,UCLA,52.8,63.2,43.4,45.2,2017
1532,UK,52.0,55.0,43.5,64.3,2017
1533,CAL,51.2,46.8,55.8,48.6,2017
1534,NIU,50.8,34.8,69.2,43.4,2017
1535,SYR,50.2,53.4,46.4,49.0,2017
1536,WYO,48.7,24.7,67.2,60.3,2017
1537,UNC,47.3,41.0,50.6,60.7,2017
1538,UVA,46.8,35.4,59.1,53.1,2017
1539,USU,46.7,28.2,63.3,53.9,2017
1540,COLO,46.4,47.9,42.2,62.9,2017
1541,SMU,45.7,65.8,29.5,43.1,2017
1542,ARST,45.7,41.0,51.0,54.8,2017
1543,MRSH,45.6,37.4,51.7,62.3,2017
1544,TEM,45.6,34.4,56.4,56.9,2017
1545,MINN,45.1,36.0,55.0,52.7,2017
1546,FLA,44.5,33.1,59.1,46.9,2017
1547,CSU,44.4,63.2,26.6,49.0,2017
1548,BUFF,44.0,56.3,34.8,49.4,2017
1549,WMU,43.9,45.8,35.3,72.5,2017
1550,ARK,43.7,54.7,35.3,52.1,2017
1551,EMU,43.2,32.5,57.9,48.0,2017
1552,TULN,43.0,43.3,43.5,56.5,2017
1553,MD,42.5,47.4,36.8,63.6,2017
1554,VAN,40.9,54.3,37.0,33.9,2017
1555,UTSA,40.7,34.5,53.5,46.6,2017
1556,NEB,40.5,50.8,30.6,62.3,2017
1557,USM,39.7,35.3,49.7,45.7,2017
1558,MTSU,39.4,35.0,47.9,49.2,2017
1559,UNT,39.0,54.2,27.0,56.9,2017
1560,TENN,38.9,34.8,47.1,49.0,2017
1561,LT,38.6,41.6,41.8,43.7,2017
1562,M-OH,38.1,36.7,43.4,52.4,2017
1563,CMU,37.7,32.9,49.5,42.1,2017
1564,NMSU,35.0,36.7,40.8,43.7,2017
1565,AFA,34.9,54.3,21.4,43.0,2017
1566,RUTG,34.7,25.6,48.3,49.4,2017
1567,UMASS,34.3,37.2,44.1,30.2,2017
1568,BAY,33.6,36.9,33.1,58.7,2017
1569,AKR,33.3,29.6,44.2,45.5,2017
1570,UAB,33.0,36.1,43.2,29.3,2017
1571,TLSA,31.4,47.6,24.0,46.4,2017
1572,UNLV,30.7,46.9,23.4,48.2,2017
1573,NEV,30.4,42.0,32.3,31.9,2017
1574,BYU,29.8,19.7,49.3,48.9,2017
1575,FIU,29.0,37.2,27.4,56.0,2017
1576,IDHO,28.3,20.7,45.9,47.3,2017
1577,USA,28.2,16.7,41.0,74.0,2017
1578,CIN,27.8,37.2,29.2,42.5,2017
1579,ULM,27.1,58.6,10.2,60.7,2017
1580,GAST,26.5,25.2,41.2,36.4,2017
1581,WKU,24.4,31.4,25.9,50.2,2017
1582,CONN,24.2,34.1,26.1,40.8,2017
1583,ILL,23.9,18.1,36.8,56.6,2017
1584,ODU,22.6,21.5,33.7,48.0,2017
1585,ULL,22.4,40.3,18.0,45.2,2017
1586,BGSU,22.3,33.1,19.9,58.3,2017
1587,CCU,22.2,34.2,21.0,47.9,2017
1588,UNM,21.5,24.4,30.5,40.6,2017
1589,ORST,21.4,32.9,21.7,46.6,2017
1590,HAW,20.4,37.2,13.7,60.5,2017
1591,GASO,19.4,22.8,23.5,57.1,2017
1592,ECU,19.1,44.2,9.7,48.6,2017
1593,KU,16.0,19.5,27.0,33.4,2017
1594,TXST,13.9,17.8,25.4,30.7,2017
1595,SJSU,11.8,10.7,23.3,51.7,2017
1596,KENT,11.8,9.0,27.6,49.5,2017
1597,CHAR,10.5,11.0,18.5,59.2,2017
1598,BALL,10.0,21.5,13.2,29.0,2017
1599,RICE,9.9,18.4,13.9,39.8,2017
1600,UTEP,9.1,7.3,23.7,42.6,2017
1601,ALA,96.9,96.6,88.4,49.4,2018
1602,UGA,93.2,91.6,83.7,53.8,2018
1603,CLEM,90.8,81.6,92.3,33.7,2018
1604,MICH,83.6,74.0,82.8,54.0,2018
1605,OKLA,83.3,96.6,41.1,62.3,2018
1606,ND,81.9,71.6,80.3,54.2,2018
1607,LSU,79.7,67.5,80.4,57.1,2018
1608,OSU,79.5,81.1,61.3,64.1,2018
1609,MIZ,78.9,73.8,77.1,43.1,2018
1610,WASH,78.7,71.7,77.6,42.7,2018
1611,WVU,78.6,80.5,62.1,60.6,2018
1612,MSST,78.5,66.5,83.1,36.4,2018
1613,FRES,77.6,65.2,79.2,54.3,2018
1614,FLA,76.3,68.5,74.9,52.2,2018
1615,UTAH,75.9,60.1,79.6,58.8,2018
1616,IOWA,75.6,62.2,79.7,52.2,2018
1617,PSU,74.0,62.3,73.7,59.7,2018
1618,USU,74.0,66.7,71.5,54.8,2018
1619,WSU,73.6,81.4,51.9,53.2,2018
1620,STAN,73.5,72.3,62.4,64.3,2018
1621,UCF,72.8,77.3,57.3,55.4,2018
1622,SYR,72.7,59.5,72.4,68.8,2018
1623,TEX,70.8,70.3,63.0,51.7,2018
1624,UK,70.7,56.0,75.6,53.6,2018
1625,TA&M,70.1,68.9,55.3,70.3,2018
1626,AUB,70.0,53.6,75.4,55.7,2018
1627,NCST,69.9,75.0,57.0,44.6,2018
1628,ORE,69.2,70.3,62.0,47.0,2018
1629,CIN,68.7,51.4,80.6,44.5,2018
1630,BSU,68.4,67.0,64.3,45.1,2018
1631,SC,67.9,71.2,56.3,57.4,2018
1632,APP,67.8,50.4,76.1,54.5,2018
1633,PUR,67.0,72.3,52.3,60.3,2018
1634,MIAMI,65.6,42.3,84.2,36.5,2018
1635,MSU,64.2,35.3,87.6,39.5,2018
1636,PITT,63.4,65.5,56.5,49.9,2018
1637,UVA,63.3,54.4,67.5,48.5,2018
1638,BC,62.9,50.3,67.4,57.6,2018
1639,ASU,62.4,71.8,48.2,49.0,2018
1640,TEM,62.2,52.6,62.4,63.1,2018
1641,OKST,62.2,72.4,45.8,50.2,2018
1642,ISU,62.1,56.1,65.9,42.6,2018
1643,DUKE,61.4,55.9,60.7,55.6,2018
1644,TCU,61.3,41.4,77.0,42.5,2018
1645,VAN,61.0,64.1,53.8,50.6,2018
1646,MEM,60.9,71.0,45.3,52.6,2018
1647,BUFF,60.4,74.8,42.7,36.2,2018
1648,WIS,60.4,58.9,59.9,44.4,2018
1649,NW,60.2,45.6,70.5,50.9,2018
1650,GT,59.1,70.9,38.1,59.7,2018
1651,MD,58.6,53.7,57.6,57.2,2018
1652,BYU,57.8,45.2,60.6,69.5,2018
1653,TTU,57.0,55.2,52.6,60.9,2018
1654,CAL,56.5,27.9,80.7,53.0,2018
1655,USC,56.1,49.9,59.5,50.4,2018
1656,ARMY,55.4,57.4,50.1,49.6,2018
1657,HOU,55.4,69.9,40.3,49.3,2018
1658,OHIO,55.0,75.8,27.1,64.8,2018
1659,MINN,54.9,45.0,60.0,59.5,2018
1660,GASO,54.1,48.7,50.8,69.5,2018
1661,WAKE,53.4,55.5,47.4,56.7,2018
1662,NEB,53.3,60.2,44.8,51.5,2018
1663,COLO,53.2,49.4,58.9,41.0,2018
1664,UAB,53.2,45.1,62.8,43.6,2018
1665,IND,53.1,57.9,48.3,45.1,2018
1666,TROY,52.7,34.7,59.7,75.6,2018
1667,TENN,52.1,41.7,59.6,53.9,2018
1668,UNT,51.5,50.3,50.8,53.9,2018
1669,TOL,50.8,57.7,34.9,75.1,2018
1670,MTSU,50.8,45.8,56.8,46.3,2018
1671,KSU,50.7,47.1,51.3,58.9,2018
1672,MISS,49.9,71.3,32.6,41.3,2018
1673,VT,49.9,57.8,40.7,53.6,2018
1674,BAY,49.6,60.2,36.9,54.0,2018
1675,EMU,48.5,34.4,62.7,49.9,2018
1676,ARKST,48.0,48.8,46.5,53.7,2018
1677,ARIZ,47.5,57.5,42.0,40.7,2018
1678,NIU,47.4,26.6,65.9,59.4,2018
1679,MRSH,47.1,29.0,62.4,59.9,2018
1680,UCLA,46.8,55.4,43.5,38.7,2018
1681,AFA,46.4,56.3,37.8,47.2,2018
1682,NEV,45.8,34.3,60.3,47.0,2018
1683,FSU,45.2,29.5,63.2,44.7,2018
1684,M-OH,45.1,47.2,44.7,50.7,2018
1685,FIU,44.4,60.9,29.7,54.6,2018
1686,WYO,44.3,23.6,67.4,52.3,2018
1687,TULN,43.0,35.1,50.0,59.2,2018
1688,UNC,42.1,44.9,39.6,58.1,2018
1689,USF,41.1,37.5,47.1,51.7,2018
1690,SDSU,40.9,27.5,57.4,53.4,2018
1691,USM,40.7,20.8,68.8,56.0,2018
1692,ULL,40.0,66.6,21.5,46.4,2018
1693,FAU,39.6,44.6,41.3,40.8,2018
1694,SMU,39.2,30.0,51.8,52.3,2018
1695,KU,39.0,33.0,50.1,47.4,2018
1696,LT,37.7,38.3,41.8,49.6,2018
1697,WMU,34.5,53.5,27.6,28.3,2018
1698,ARK,33.8,28.4,46.8,45.9,2018
1699,HAW,31.6,49.8,22.6,46.6,2018
1700,ILL,31.3,48.9,21.8,54.0,2018
1701,LIB,29.3,36.4,33.2,38.1,2018
1702,WKU,28.4,23.6,49.2,29.6,2018
1703,ULM,28.3,40.9,27.8,38.0,2018
1704,NAVY,28.2,38.6,25.9,51.4,2018
1705,AKRON,28.1,14.4,46.8,62.7,2018
1706,TLSA,28.0,25.3,42.4,40.2,2018
1707,BALL,27.1,41.1,24.1,44.4,2018
1708,ORST,27.1,50.0,15.9,50.1,2018
1709,UNLV,26.8,39.4,29.2,29.3,2018
1710,CHAR,26.0,28.4,37.8,34.3,2018
1711,UNM,25.6,20.7,35.3,61.2,2018
1712,ODU,25.3,35.5,21.5,60.7,2018
1713,CCU,24.8,45.9,15.3,49.9,2018
1714,SJSU,24.4,17.9,36.5,61.6,2018
1715,RUTG,23.7,14.4,42.8,51.9,2018
1716,KENT,22.0,24.0,31.2,44.7,2018
1717,ECU,21.9,22.8,35.3,37.3,2018
1718,CMU,21.5,8.4,52.7,46.0,2018
1719,CSU,20.7,33.7,23.1,29.8,2018
1720,LOU,20.4,26.7,20.6,63.5,2018
1721,BGSU,20.0,32.5,17.3,53.5,2018
1722,TXST,19.8,14.4,43.2,29.9,2018
1723,UMASS,19.5,35.1,18.4,35.3,2018
1724,USA,16.8,27.5,16.4,51.4,2018
1725,UTSA,15.7,10.1,31.3,57.1,2018
1726,NMSU,15.3,19.3,24.0,38.9,2018
1727,GAST,14.6,33.0,11.0,45.2,2018
1728,RICE,10.6,9.9,19.5,60.8,2018
1729,UTEP,10.2,10.6,23.1,39.3,2018
1730,UCONN,8.2,37.8,2.4,53.0,2018
1731,OSU,96.6,95.3,87.9,55.3,2019
1732,LSU,95.2,97.2,79.6,43.1,2019
1733,CLEM,94.5,89.1,93.3,37.3,2019
1734,ALA,92.7,94.4,80.3,42.5,2019
1735,WIS,86.2,78.7,83.3,50.8,2019
1736,UGA,85.8,69.4,88.9,53.9,2019
1737,FLA,83.1,76.7,76.8,60.4,2019
1738,PSU,83.1,76.6,73.2,74.2,2019
1739,UTAH,82.7,72.8,84.2,40.9,2019
1740,OKLA,82.4,89.1,60.5,48.6,2019
1741,ORE,82.2,69.6,82.7,52.9,2019
1742,AUB,81.9,58.6,88.4,56.2,2019
1743,ND,80.8,66.3,84.2,50.8,2019
1744,UCF,77.4,73.9,74.6,41.1,2019
1745,MICH,76.2,69.3,72.7,55.1,2019
1746,BAY,76.1,61.9,81.5,42.4,2019
1747,IOWA,75.4,54.7,78.4,73.4,2019
1748,WASH,75.3,58.2,77.0,68.7,2019
1749,MINN,74.5,80.4,63.1,30.3,2019
1750,MEM,71.0,76.1,49.1,74.2,2019
1751,AFA,70.9,69.4,63.2,52.8,2019
1752,NAVY,70.2,77.4,56.9,38.7,2019
1753,APP,69.5,60.6,70.4,53.7,2019
1754,TEX,69.0,72.7,57.6,49.3,2019
1755,TA&M,68.8,60.9,67.8,58.1,2019
1756,USC,68.1,76.0,55.9,39.5,2019
1757,BSU,67.6,61.1,66.7,54.0,2019
1758,OKST,67.4,64.4,63.5,52.4,2019
1759,IND,66.4,72.0,54.4,47.9,2019
1760,KSU,66.2,54.8,65.9,66.9,2019
1761,CIN,63.9,47.3,69.9,63.1,2019
1762,UK,63.2,54.0,65.9,55.8,2019
1763,ISU,62.1,60.2,64.1,37.3,2019
1764,UL,61.9,70.3,45.2,58.5,2019
1765,UNC,61.9,69.0,51.1,45.1,2019
1766,UVA,61.8,60.9,52.0,67.3,2019
1767,TENN,61.3,49.3,66.0,57.3,2019
1768,LOU,61.1,71.7,44.6,52.6,2019
1769,SMU,61.1,66.2,51.8,48.9,2019
1770,WSU,60.5,80.9,31.9,54.0,2019
1771,FAU,60.4,54.2,63.0,50.0,2019
1772,ASU,60.0,43.3,65.0,69.4,2019
1773,MIZ,59.3,47.9,69.4,46.2,2019
1774,TCU,59.3,42.7,72.2,54.1,2019
1775,CAL,59.3,50.5,66.3,40.8,2019
1776,MSU,59.0,46.9,71.2,39.4,2019
1777,VT,58.9,52.3,58.7,59.9,2019
1778,SC,57.8,37.3,73.7,52.5,2019
1779,TULN,56.0,56.6,53.5,48.1,2019
1780,ORST,55.5,67.6,39.5,56.2,2019
1781,MSST,54.4,58.3,51.2,42.5,2019
1782,SDSU,54.4,28.7,74.3,69.0,2019
1783,TTU,54.2,61.1,43.0,56.2,2019
1784,MIA,54.2,39.4,68.1,44.3,2019
1785,BYU,54.1,49.5,57.1,50.6,2019
1786,WYO,53.3,42.0,60.8,53.9,2019
1787,FSU,52.3,47.1,57.3,46.3,2019
1788,WAKE,51.3,53.6,52.4,38.9,2019
1789,MISS,51.3,49.9,51.2,53.1,2019
1790,NEB,51.2,48.4,59.0,35.0,2019
1791,DUKE,51.1,27.4,67.3,70.9,2019
1792,BUFF,51.1,44.3,68.0,24.1,2019
1793,BC,51.0,63.6,41.0,40.5,2019
1794,PITT,50.0,34.9,70.3,36.8,2019
1795,WKU,49.2,41.7,58.6,46.4,2019
1796,WVU,47.5,36.0,56.3,58.4,2019
1797,LAT,47.3,42.8,56.0,40.3,2019
1798,USU,47.2,40.1,54.3,52.3,2019
1799,HOU,46.8,47.1,40.5,69.4,2019
1800,ILL,46.4,33.5,54.6,65.6,2019
1801,COLO,46.3,57.5,37.1,45.5,2019
1802,STAN,46.1,51.3,40.8,55.8,2019
1803,WMU,45.7,57.1,41.8,32.2,2019
1804,TEM,45.7,34.8,61.8,38.3,2019
1805,TLSA,45.4,41.0,58.2,34.7,2019
1806,UCLA,45.0,47.6,41.2,59.6,2019
1807,HAW,44.8,60.2,33.8,42.4,2019
1808,FRES,44.7,48.9,43.6,47.4,2019
1809,GASO,44.2,30.1,51.1,74.4,2019
1810,OHIO,44.1,62.0,28.9,52.7,2019
1811,M-OH,43.9,26.2,54.7,73.3,2019
1812,SYR,43.7,36.0,51.0,60.2,2019
1813,PUR,42.9,51.7,40.5,39.6,2019
1814,ARST,42.6,44.5,41.7,55.8,2019
1815,CMU,42.6,46.3,45.1,39.3,2019
1816,MRSH,42.0,34.2,48.9,61.8,2019
1817,ARIZ,41.5,54.9,40.9,24.3,2019
1818,LIB,41.4,56.2,35.8,36.3,2019
1819,BALL,40.3,47.7,42.6,31.9,2019
1820,NW,40.3,23.5,61.9,56.5,2019
1821,USM,40.2,34.5,47.6,57.8,2019
1822,MD,38.9,29.7,45.9,67.3,2019
1823,UAB,38.3,27.2,54.4,49.9,2019
1824,EMU,38.2,49.4,31.4,52.8,2019
1825,GAST,37.6,60.9,23.6,35.9,2019
1826,KENT,37.4,52.3,23.0,71.7,2019
1827,SJSU,37.0,54.8,30.6,36.5,2019
1828,FIU,35.5,39.2,37.1,50.1,2019
1829,ARMY,35.3,38.2,39.0,47.6,2019
1830,ULM,33.8,56.7,25.5,29.2,2019
1831,USF,33.8,26.4,50.7,37.4,2019
1832,KU,33.7,45.7,32.0,42.1,2019
1833,NIU,33.7,28.5,43.3,56.6,2019
1834,CSU,33.0,36.9,41.5,31.8,2019
1835,NCST,31.7,25.3,43.6,55.3,2019
1836,CLT,31.6,54.0,22.7,33.0,2019
1837,TROY,31.4,56.5,21.2,31.7,2019
1838,TOL,30.7,43.5,25.6,51.2,2019
1839,MTSU,29.9,46.7,25.1,41.3,2019
1840,ARK,29.8,31.9,34.6,50.8,2019
1841,CCU,28.7,34.4,27.3,61.5,2019
1842,NEV,28.5,25.2,43.3,44.5,2019
1843,VAN,28.3,30.2,28.8,66.8,2019
1844,UNT,27.7,31.9,27.3,63.2,2019
1845,RICE,27.4,23.1,35.8,63.1,2019
1846,GT,27.2,27.1,34.6,49.7,2019
1847,UNLV,27.1,30.2,35.5,37.9,2019
1848,ECU,24.7,38.7,21.7,44.1,2019
1849,TXST,20.9,14.4,36.1,57.0,2019
1850,USA,20.1,15.9,37.7,40.8,2019
1851,RUTG,17.8,17.3,26.4,57.2,2019
1852,UTSA,16.7,20.8,23.8,44.3,2019
1853,UNM,15.7,23.7,17.5,53.7,2019
1854,NMSU,14.1,19.8,19.8,43.3,2019
1855,ODU,13.8,9.3,31.1,55.8,2019
1856,BGSU,10.3,10.6,21.1,54.3,2019
1857,CONN,9.8,17.2,12.5,49.9,2019
1858,UTEP,7.3,17.6,9.2,37.1,2019
1859,AKR,4.2,2.3,21.1,39.0,2019
1860,MASS,2.0,10.1,2.0,51.5,2019
